"Stazione";"Montecarlo"
"Codice";"TOS11000031"
"Comune";"Montecarlo"
"Provincia";"LU"
"GB [m]";"E";1632985;"N";4855765
"WGS84 [°]";"Lat";43.843;"Lon";10.654
"Quota [m]";72,19

;;;ATTENZIONE i dati sono nel fomato csv ed utilizzano
;;;come separatore di colonna il "punto e virgola" e
;;;come separatore decimale la "virgola"
;;;verificare le proprie impostazioni internazionali per una corretta visulizzazione.
;;;Il valore -9999 corrisponde a dato mancante
;;;Il valore contrassegnato con @ corrisponde al dato mancante
;;;Il valore contrassegnato con V corrisponde al dato validato
;;;Il valore contrassegnato con P corrisponde al dato prevalidato soggetto ad eventuali modifiche
;;;(consultare la sezione Criteri di validazione)

"gg/mm/aaaa";"Precipitazione [mm]";"Tipo Dato"
01/01/2012;0,0;P
02/01/2012;0,0;P
03/01/2012;11,2;P
04/01/2012;0,0;P
05/01/2012;9,2;P
06/01/2012;0,4;P
07/01/2012;0,0;P
08/01/2012;0,0;P
09/01/2012;0,2;P
10/01/2012;0,0;P
11/01/2012;0,0;P
12/01/2012;0,0;P
13/01/2012;0,0;P
14/01/2012;0,0;P
15/01/2012;0,0;P
16/01/2012;0,0;P
17/01/2012;0,0;P
18/01/2012;0,0;P
19/01/2012;0,0;P
20/01/2012;2,0;P
21/01/2012;0,2;P
22/01/2012;0,0;P
23/01/2012;0,0;P
24/01/2012;0,0;P
25/01/2012;0,0;P
26/01/2012;0,0;P
27/01/2012;0,0;P
28/01/2012;0,0;P
29/01/2012;0,0;P
30/01/2012;0,0;P
31/01/2012;0,0;P
01/02/2012;0,4;P
02/02/2012;0,6;P
03/02/2012;0,0;P
04/02/2012;0,0;P
05/02/2012;0,0;P
06/02/2012;0,0;P
07/02/2012;0,0;P
08/02/2012;0,0;P
09/02/2012;0,0;P
10/02/2012;0,0;P
11/02/2012;0,0;P
12/02/2012;0,0;P
13/02/2012;0,0;P
14/02/2012;0,0;P
15/02/2012;0,0;P
16/02/2012;1,6;P
17/02/2012;0,0;P
18/02/2012;0,2;P
19/02/2012;1,6;P
20/02/2012;2,8;P
21/02/2012;2,0;P
22/02/2012;0,0;P
23/02/2012;0,0;P
24/02/2012;0,0;P
25/02/2012;0,0;P
26/02/2012;0,0;P
27/02/2012;0,0;P
28/02/2012;0,0;P
29/02/2012;0,0;P
01/03/2012;0,2;P
02/03/2012;0,2;P
03/03/2012;0,0;P
04/03/2012;0,0;P
05/03/2012;0,0;P
06/03/2012;29,0;P
07/03/2012;0,0;P
08/03/2012;0,0;P
09/03/2012;0,0;P
10/03/2012;0,0;P
11/03/2012;0,0;P
12/03/2012;0,0;P
13/03/2012;0,2;P
14/03/2012;0,0;P
15/03/2012;0,0;P
16/03/2012;0,0;P
17/03/2012;0,2;P
18/03/2012;0,0;P
19/03/2012;0,2;P
20/03/2012;2,2;P
21/03/2012;0,0;P
22/03/2012;0,0;P
23/03/2012;0,0;P
24/03/2012;0,0;P
25/03/2012;0,0;P
26/03/2012;1,0;P
27/03/2012;0,0;P
28/03/2012;0,0;P
29/03/2012;0,0;P
30/03/2012;0,0;P
31/03/2012;0,0;P
01/04/2012;0,0;P
02/04/2012;0,0;P
03/04/2012;5,4;P
04/04/2012;4,4;P
05/04/2012;0,6;P
06/04/2012;0,0;P
07/04/2012;9,4;P
08/04/2012;10,8;P
09/04/2012;11,8;P
10/04/2012;0,0;P
11/04/2012;9,6;P
12/04/2012;24,4;P
13/04/2012;0,0;P
14/04/2012;0,4;P
15/04/2012;16,0;P
16/04/2012;0,0;P
17/04/2012;4,2;P
18/04/2012;1,8;P
19/04/2012;8,6;P
20/04/2012;11,6;P
21/04/2012;6,6;P
22/04/2012;2,6;P
23/04/2012;0,0;P
24/04/2012;6,8;P
25/04/2012;8,6;P
26/04/2012;0,0;P
27/04/2012;0,0;P
28/04/2012;0,0;P
29/04/2012;0,0;P
30/04/2012;1,0;P
01/05/2012;6,2;P
02/05/2012;9,0;P
03/05/2012;0,0;P
04/05/2012;0,0;P
05/05/2012;0,2;P
06/05/2012;14,0;P
07/05/2012;45,2;P
08/05/2012;0,0;P
09/05/2012;0,0;P
10/05/2012;0,2;P
11/05/2012;0,0;P
12/05/2012;0,0;P
13/05/2012;0,0;P
14/05/2012;4,0;P
15/05/2012;0,0;P
16/05/2012;0,0;P
17/05/2012;0,0;P
18/05/2012;0,0;P
19/05/2012;0,0;P
20/05/2012;0,8;P
21/05/2012;41,6;P
22/05/2012;1,4;P
23/05/2012;0,2;P
24/05/2012;0,0;P
25/05/2012;0,0;P
26/05/2012;5,2;P
27/05/2012;0,0;P
28/05/2012;0,0;P
29/05/2012;0,0;P
30/05/2012;0,2;P
31/05/2012;0,0;P
01/06/2012;0,0;P
02/06/2012;0,2;P
03/06/2012;0,0;P
04/06/2012;0,0;P
05/06/2012;3,6;P
06/06/2012;0,0;P
07/06/2012;0,0;P
08/06/2012;0,0;P
09/06/2012;2,6;P
10/06/2012;0,0;P
11/06/2012;25,6;P
12/06/2012;4,4;P
13/06/2012;0,0;P
14/06/2012;0,2;P
15/06/2012;0,0;P
16/06/2012;0,0;P
17/06/2012;0,0;P
18/06/2012;0,0;P
19/06/2012;0,0;P
20/06/2012;0,0;P
21/06/2012;0,0;P
22/06/2012;0,0;P
23/06/2012;0,0;P
24/06/2012;0,2;P
25/06/2012;0,0;P
26/06/2012;0,0;P
27/06/2012;0,0;P
28/06/2012;0,0;P
29/06/2012;0,0;P
30/06/2012;0,0;P
01/07/2012;0,0;P
02/07/2012;0,0;P
03/07/2012;0,0;P
04/07/2012;0,0;P
05/07/2012;0,0;P
06/07/2012;0,0;P
07/07/2012;0,0;P
08/07/2012;0,0;P
09/07/2012;0,0;P
10/07/2012;0,0;P
11/07/2012;0,0;P
12/07/2012;0,0;P
13/07/2012;0,0;P
14/07/2012;0,0;P
15/07/2012;0,0;P
16/07/2012;0,0;P
17/07/2012;0,0;P
18/07/2012;0,0;P
19/07/2012;0,0;P
20/07/2012;0,0;P
21/07/2012;0,0;P
22/07/2012;0,0;P
23/07/2012;0,0;P
24/07/2012;0,0;P
25/07/2012;0,0;P
26/07/2012;0,0;P
27/07/2012;0,0;P
28/07/2012;0,0;P
29/07/2012;0,0;P
30/07/2012;0,0;P
31/07/2012;0,0;P
01/08/2012;0,0;P
02/08/2012;0,0;P
03/08/2012;0,0;P
04/08/2012;0,0;P
05/08/2012;0,0;P
06/08/2012;0,0;P
07/08/2012;0,0;P
08/08/2012;0,0;P
09/08/2012;0,0;P
10/08/2012;0,0;P
11/08/2012;3,4;P
12/08/2012;0,0;P
13/08/2012;0,0;P
14/08/2012;0,0;P
15/08/2012;0,0;P
16/08/2012;0,0;P
17/08/2012;0,0;P
18/08/2012;0,0;P
19/08/2012;0,0;P
20/08/2012;0,0;P
21/08/2012;0,0;P
22/08/2012;0,0;P
23/08/2012;0,0;P
24/08/2012;0,0;P
25/08/2012;0,0;P
26/08/2012;37,0;P
27/08/2012;3,6;P
28/08/2012;0,0;P
29/08/2012;0,0;P
30/08/2012;0,0;P
31/08/2012;26,6;P
01/09/2012;0,0;P
02/09/2012;2,6;P
03/09/2012;35,2;P
04/09/2012;7,8;P
05/09/2012;0,0;P
06/09/2012;0,0;P
07/09/2012;0,0;P
08/09/2012;0,0;P
09/09/2012;0,0;P
10/09/2012;0,0;P
11/09/2012;0,0;P
12/09/2012;0,0;P
13/09/2012;1,4;P
14/09/2012;0,0;P
15/09/2012;0,0;P
16/09/2012;0,0;P
17/09/2012;0,0;P
18/09/2012;0,0;P
19/09/2012;0,2;P
20/09/2012;4,2;P
21/09/2012;0,0;P
22/09/2012;0,0;P
23/09/2012;0,0;P
24/09/2012;0,0;P
25/09/2012;0,0;P
26/09/2012;0,2;P
27/09/2012;6,8;P
28/09/2012;7,0;P
29/09/2012;0,0;P
30/09/2012;3,8;P
01/10/2012;49,2;P
02/10/2012;14,6;P
03/10/2012;0,2;P
04/10/2012;0,8;P
05/10/2012;0,0;P
06/10/2012;0,2;P
07/10/2012;0,0;P
08/10/2012;0,0;P
09/10/2012;17,2;P
10/10/2012;4,2;P
11/10/2012;0,0;P
12/10/2012;23,2;P
13/10/2012;0,4;P
14/10/2012;0,2;P
15/10/2012;1,6;P
16/10/2012;21,4;P
17/10/2012;0,0;P
18/10/2012;0,2;P
19/10/2012;0,0;P
20/10/2012;0,0;P
21/10/2012;0,0;P
22/10/2012;0,0;P
23/10/2012;0,2;P
24/10/2012;0,0;P
25/10/2012;0,2;P
26/10/2012;0,6;P
27/10/2012;53,4;P
28/10/2012;20,6;P
29/10/2012;14,8;P
30/10/2012;0,0;P
31/10/2012;0,4;P
01/11/2012;23,4;P
02/11/2012;13,4;P
03/11/2012;0,2;P
04/11/2012;17,0;P
05/11/2012;15,8;P
06/11/2012;0,0;P
07/11/2012;1,4;P
08/11/2012;0,2;P
09/11/2012;0,0;P
10/11/2012;0,4;P
11/11/2012;62,2;P
12/11/2012;30,4;P
13/11/2012;0,8;P
14/11/2012;0,2;P
15/11/2012;0,0;P
16/11/2012;0,0;P
17/11/2012;0,2;P
18/11/2012;0,0;P
19/11/2012;0,2;P
20/11/2012;1,4;P
21/11/2012;0,0;P
22/11/2012;0,2;P
23/11/2012;2,6;P
24/11/2012;0,0;P
25/11/2012;0,6;P
26/11/2012;0,8;P
27/11/2012;0,0;P
28/11/2012;28,6;P
29/11/2012;16,2;P
30/11/2012;0,2;P
01/12/2012;13,4;P
02/12/2012;10,6;P
03/12/2012;0,0;P
04/12/2012;9,0;P
05/12/2012;73,2;P
06/12/2012;0,0;P
07/12/2012;0,2;P
08/12/2012;22,2;P
09/12/2012;0,2;P
10/12/2012;0,6;P
11/12/2012;0,6;P
12/12/2012;0,2;P
13/12/2012;0,0;P
14/12/2012;17,0;P
15/12/2012;33,2;P
16/12/2012;8,4;P
17/12/2012;22,6;P
18/12/2012;17,6;P
19/12/2012;0,2;P
20/12/2012;0,0;P
21/12/2012;4,0;P
22/12/2012;0,4;P
23/12/2012;0,2;P
24/12/2012;1,0;P
25/12/2012;0,0;P
26/12/2012;0,2;P
27/12/2012;5,8;P
28/12/2012;2,6;P
29/12/2012;0,0;P
30/12/2012;0,0;P
31/12/2012;0,0;P
01/01/2013;0,0;P
02/01/2013;12,8;P
03/01/2013;6,4;P
04/01/2013;0,2;P
05/01/2013;0,0;P
06/01/2013;0,0;P
07/01/2013;0,2;P
08/01/2013;0,2;P
09/01/2013;0,0;P
10/01/2013;0,2;P
11/01/2013;1,2;P
12/01/2013;2,4;P
13/01/2013;7,2;P
14/01/2013;38,4;P
15/01/2013;22,4;P
16/01/2013;17,8;P
17/01/2013;2,4;P
18/01/2013;0,2;P
19/01/2013;0,0;P
20/01/2013;37,4;P
21/01/2013;10,0;P
22/01/2013;10,6;P
23/01/2013;1,2;P
24/01/2013;2,2;P
25/01/2013;0,0;P
26/01/2013;0,0;P
27/01/2013;0,0;P
28/01/2013;4,6;P
29/01/2013;1,8;P
30/01/2013;0,0;P
31/01/2013;0,4;P
01/02/2013;0,0;P
02/02/2013;0,8;P
03/02/2013;27,8;P
04/02/2013;0,0;P
05/02/2013;0,0;P
06/02/2013;1,6;P
07/02/2013;0,6;P
08/02/2013;0,0;P
09/02/2013;0,0;P
10/02/2013;0,0;P
11/02/2013;0,0;P
12/02/2013;48,6;P
13/02/2013;1,2;P
14/02/2013;0,0;P
15/02/2013;0,0;P
16/02/2013;0,0;P
17/02/2013;0,0;P
18/02/2013;0,0;P
19/02/2013;0,0;P
20/02/2013;1,4;P
21/02/2013;1,8;P
22/02/2013;6,6;P
23/02/2013;2,8;P
24/02/2013;14,2;P
25/02/2013;10,4;P
26/02/2013;2,4;P
27/02/2013;0,0;P
28/02/2013;0,0;P
01/03/2013;0,0;P
02/03/2013;0,0;P
03/03/2013;0,0;P
04/03/2013;0,0;P
05/03/2013;0,0;P
06/03/2013;17,6;P
07/03/2013;11,2;P
08/03/2013;2,6;P
09/03/2013;17,0;P
10/03/2013;16,0;P
11/03/2013;18,8;P
12/03/2013;20,2;P
13/03/2013;25,8;P
14/03/2013;7,2;P
15/03/2013;0,0;P
16/03/2013;0,0;P
17/03/2013;0,0;P
18/03/2013;74,2;P
19/03/2013;21,6;P
20/03/2013;0,0;P
21/03/2013;10,8;P
22/03/2013;1,2;P
23/03/2013;0,0;P
24/03/2013;8,2;P
25/03/2013;2,6;P
26/03/2013;12,2;P
27/03/2013;3,4;P
28/03/2013;0,2;P
29/03/2013;10,0;P
30/03/2013;0,8;P
31/03/2013;18,0;P
01/04/2013;0,4;P
02/04/2013;16,4;P
03/04/2013;0,2;P
04/04/2013;0,2;P
05/04/2013;11,2;P
06/04/2013;3,8;P
07/04/2013;0,0;P
08/04/2013;0,2;P
09/04/2013;16,4;P
10/04/2013;0,0;P
11/04/2013;0,0;P
12/04/2013;0,4;P
13/04/2013;0,0;P
14/04/2013;0,0;P
15/04/2013;0,0;P
16/04/2013;0,0;P
17/04/2013;0,0;P
18/04/2013;0,0;P
19/04/2013;0,0;P
20/04/2013;0,6;P
21/04/2013;0,0;P
22/04/2013;0,4;P
23/04/2013;1,2;P
24/04/2013;0,0;P
25/04/2013;0,0;P
26/04/2013;0,0;P
27/04/2013;0,4;P
28/04/2013;24,4;P
29/04/2013;8,2;P
30/04/2013;1,4;P
01/05/2013;0,2;P
02/05/2013;2,2;P
03/05/2013;0,2;P
04/05/2013;0,2;P
05/05/2013;13,2;P
06/05/2013;3,6;P
07/05/2013;6,4;P
08/05/2013;0,0;P
09/05/2013;0,2;P
10/05/2013;0,6;P
11/05/2013;0,4;P
12/05/2013;0,0;P
13/05/2013;0,8;P
14/05/2013;0,0;P
15/05/2013;0,0;P
16/05/2013;26,0;P
17/05/2013;13,0;P
18/05/2013;0,6;P
19/05/2013;6,8;P
20/05/2013;2,6;P
21/05/2013;0,0;P
22/05/2013;0,0;P
23/05/2013;0,4;P
24/05/2013;2,0;P
25/05/2013;0,2;P
26/05/2013;0,0;P
27/05/2013;0,0;P
28/05/2013;0,0;P
29/05/2013;0,0;P
30/05/2013;0,0;P
31/05/2013;0,0;P
01/06/2013;0,0;P
02/06/2013;0,0;P
03/06/2013;0,0;P
04/06/2013;0,0;P
05/06/2013;0,0;P
06/06/2013;0,0;P
07/06/2013;0,0;P
08/06/2013;0,0;P
09/06/2013;0,0;P
10/06/2013;0,0;P
11/06/2013;0,0;P
12/06/2013;0,0;P
13/06/2013;0,0;P
14/06/2013;0,0;P
15/06/2013;0,0;P
16/06/2013;0,0;P
17/06/2013;0,0;P
18/06/2013;0,0;P
19/06/2013;0,0;P
20/06/2013;0,0;P
21/06/2013;0,0;P
22/06/2013;0,0;P
23/06/2013;0,0;P
24/06/2013;0,0;P
25/06/2013;0,0;P
26/06/2013;0,0;P
27/06/2013;0,0;P
28/06/2013;0,0;P
29/06/2013;0,0;P
30/06/2013;0,0;P
01/07/2013;0,0;P
02/07/2013;0,0;P
03/07/2013;0,0;P
04/07/2013;0,0;P
05/07/2013;0,0;P
06/07/2013;0,0;P
07/07/2013;0,0;P
08/07/2013;0,0;P
09/07/2013;0,0;P
10/07/2013;0,0;P
11/07/2013;0,0;P
12/07/2013;0,0;P
13/07/2013;0,0;P
14/07/2013;0,0;P
15/07/2013;0,0;P
16/07/2013;0,0;P
17/07/2013;0,0;P
18/07/2013;0,0;P
19/07/2013;0,0;P
20/07/2013;0,0;P
21/07/2013;0,0;P
22/07/2013;0,0;P
23/07/2013;0,0;P
24/07/2013;0,0;P
25/07/2013;0,0;P
26/07/2013;0,0;P
27/07/2013;0,0;P
28/07/2013;0,0;P
29/07/2013;0,0;P
30/07/2013;0,0;P
31/07/2013;0,0;P
01/08/2013;0,0;P
02/08/2013;0,0;P
03/08/2013;0,0;P
04/08/2013;0,0;P
05/08/2013;0,0;P
06/08/2013;0,0;P
07/08/2013;0,0;P
08/08/2013;0,0;P
09/08/2013;0,0;P
10/08/2013;0,0;P
11/08/2013;0,0;P
12/08/2013;0,0;P
13/08/2013;0,0;P
14/08/2013;0,0;P
15/08/2013;0,0;P
16/08/2013;0,0;P
17/08/2013;0,0;P
18/08/2013;0,0;P
19/08/2013;0,0;P
20/08/2013;0,0;P
21/08/2013;0,0;P
22/08/2013;0,0;P
23/08/2013;0,0;P
24/08/2013;0,0;P
25/08/2013;0,0;P
26/08/2013;0,0;P
27/08/2013;0,0;P
28/08/2013;0,0;P
29/08/2013;0,0;P
30/08/2013;0,0;P
31/08/2013;0,0;P
01/09/2013;0,0;P
02/09/2013;0,0;P
03/09/2013;0,0;P
04/09/2013;0,0;P
05/09/2013;0,0;P
06/09/2013;0,0;P
07/09/2013;0,0;P
08/09/2013;0,0;P
09/09/2013;0,0;P
10/09/2013;0,0;P
11/09/2013;0,0;P
12/09/2013;0,0;P
13/09/2013;0,0;P
14/09/2013;0,0;P
15/09/2013;0,0;P
16/09/2013;0,0;P
17/09/2013;0,0;P
18/09/2013;0,0;P
19/09/2013;0,0;P
20/09/2013;0,0;P
21/09/2013;0,0;P
22/09/2013;0,0;P
23/09/2013;0,0;P
24/09/2013;0,0;P
25/09/2013;0,0;P
26/09/2013;0,0;P
27/09/2013;0,0;P
28/09/2013;0,0;P
29/09/2013;0,0;P
30/09/2013;0,0;P
01/10/2013;0,0;P
02/10/2013;0,0;P
03/10/2013;0,0;P
04/10/2013;0,2;P
05/10/2013;12,0;P
06/10/2013;18,6;P
07/10/2013;0,6;P
08/10/2013;0,6;P
09/10/2013;0,0;P
10/10/2013;14,2;P
11/10/2013;0,6;P
12/10/2013;2,0;P
13/10/2013;0,0;P
14/10/2013;0,0;P
15/10/2013;7,0;P
16/10/2013;20,2;P
17/10/2013;0,2;P
18/10/2013;0,4;P
19/10/2013;0,0;P
20/10/2013;0,0;P
21/10/2013;39,4;P
22/10/2013;17,4;P
23/10/2013;0,0;P
24/10/2013;40,6;P
25/10/2013;5,0;P
26/10/2013;0,0;P
27/10/2013;0,0;P
28/10/2013;0,0;P
29/10/2013;0,0;P
30/10/2013;0,0;P
31/10/2013;0,0;P
01/11/2013;0,0;P
02/11/2013;0,4;P
03/11/2013;7,8;P
04/11/2013;0,4;P
05/11/2013;18,0;P
06/11/2013;0,2;P
07/11/2013;0,2;P
08/11/2013;0,2;P
09/11/2013;14,2;P
10/11/2013;2,0;P
11/11/2013;19,8;P
12/11/2013;0,0;P
13/11/2013;0,0;P
14/11/2013;0,0;P
15/11/2013;2,2;P
16/11/2013;0,0;P
17/11/2013;0,0;P
18/11/2013;0,2;P
19/11/2013;3,4;P
20/11/2013;1,6;P
21/11/2013;13,4;P
22/11/2013;37,4;P
23/11/2013;3,0;P
24/11/2013;0,8;P
25/11/2013;0,0;P
26/11/2013;0,0;P
27/11/2013;0,0;P
28/11/2013;0,0;P
29/11/2013;0,0;P
30/11/2013;0,0;P
01/12/2013;0,0;P
02/12/2013;0,0;P
03/12/2013;0,0;P
04/12/2013;0,0;P
05/12/2013;0,0;P
06/12/2013;0,0;P
07/12/2013;0,2;P
08/12/2013;0,4;P
09/12/2013;0,2;P
10/12/2013;0,2;P
11/12/2013;0,2;P
12/12/2013;0,2;P
13/12/2013;0,2;P
14/12/2013;0,0;P
15/12/2013;0,0;P
16/12/2013;0,0;P
17/12/2013;0,2;P
18/12/2013;0,0;P
19/12/2013;0,0;P
20/12/2013;0,0;P
21/12/2013;2,4;P
22/12/2013;0,2;P
23/12/2013;13,8;P
24/12/2013;0,2;P
25/12/2013;0,4;P
26/12/2013;23,2;P
27/12/2013;6,0;P
28/12/2013;0,2;P
29/12/2013;9,2;P
30/12/2013;0,0;P
31/12/2013;0,0;P
01/01/2014;0,0;P
02/01/2014;0,2;P
03/01/2014;37,2;P
04/01/2014;10,2;P
05/01/2014;31,8;P
06/01/2014;2,8;P
07/01/2014;0,2;P
08/01/2014;0,2;P
09/01/2014;0,0;P
10/01/2014;0,2;P
11/01/2014;1,0;P
12/01/2014;0,0;P
13/01/2014;0,4;P
14/01/2014;31,6;P
15/01/2014;8,6;P
16/01/2014;0,0;P
17/01/2014;3,8;P
18/01/2014;56,6;P
19/01/2014;11,2;P
20/01/2014;11,2;P
21/01/2014;0,0;P
22/01/2014;0,8;P
23/01/2014;0,0;P
24/01/2014;6,4;P
25/01/2014;0,0;P
26/01/2014;0,0;P
27/01/2014;2,4;P
28/01/2014;3,6;P
29/01/2014;0,2;P
30/01/2014;17,0;P
31/01/2014;70,2;P
01/02/2014;3,0;P
02/02/2014;6,0;P
03/02/2014;2,4;P
04/02/2014;4,4;P
05/02/2014;3,6;P
06/02/2014;15,0;P
07/02/2014;0,0;P
08/02/2014;6,4;P
09/02/2014;3,6;P
10/02/2014;7,4;P
11/02/2014;60,2;P
12/02/2014;0,4;P
13/02/2014;0,2;P
14/02/2014;7,2;P
15/02/2014;0,0;P
16/02/2014;0,0;P
17/02/2014;2,2;P
18/02/2014;0,0;P
19/02/2014;0,0;P
20/02/2014;24,0;P
21/02/2014;1,6;P
22/02/2014;8,8;P
23/02/2014;0,0;P
24/02/2014;0,0;P
25/02/2014;0,0;P
26/02/2014;0,0;P
27/02/2014;12,8;P
28/02/2014;18,2;P
01/03/2014;25,0;P
02/03/2014;8,2;P
03/03/2014;0,0;P
04/03/2014;8,8;P
05/03/2014;0,4;P
06/03/2014;0,0;P
07/03/2014;0,0;P
08/03/2014;0,0;P
09/03/2014;0,0;P
10/03/2014;0,0;P
11/03/2014;0,0;P
12/03/2014;0,0;P
13/03/2014;0,0;P
14/03/2014;0,0;P
15/03/2014;0,0;P
16/03/2014;0,2;P
17/03/2014;0,0;P
18/03/2014;0,2;P
19/03/2014;0,0;P
20/03/2014;0,2;P
21/03/2014;0,2;P
22/03/2014;4,8;P
23/03/2014;29,4;P
24/03/2014;6,2;P
25/03/2014;0,6;P
26/03/2014;0,2;P
27/03/2014;0,0;P
28/03/2014;;@
29/03/2014;;@
30/03/2014;;@
31/03/2014;;@
01/04/2014;;@
02/04/2014;;@
03/04/2014;;@
04/04/2014;;@
05/04/2014;;@
06/04/2014;;@
07/04/2014;;@
08/04/2014;;@
09/04/2014;;@
10/04/2014;;@
11/04/2014;;@
12/04/2014;;@
13/04/2014;;@
14/04/2014;;@
15/04/2014;;@
16/04/2014;;@
17/04/2014;;@
18/04/2014;;@
19/04/2014;;@
20/04/2014;;@
21/04/2014;;@
22/04/2014;;@
23/04/2014;;@
24/04/2014;;@
25/04/2014;;@
26/04/2014;;@
27/04/2014;;@
28/04/2014;;@
29/04/2014;;@
30/04/2014;;@
01/05/2014;;@
02/05/2014;;@
03/05/2014;;@
04/05/2014;;@
05/05/2014;;@
06/05/2014;;@
07/05/2014;;@
08/05/2014;;@
09/05/2014;;@
10/05/2014;;@
11/05/2014;;@
12/05/2014;;@
13/05/2014;;@
14/05/2014;;@
15/05/2014;;@
16/05/2014;;@
17/05/2014;;@
18/05/2014;;@
19/05/2014;;@
20/05/2014;;@
21/05/2014;;@
22/05/2014;;@
23/05/2014;;@
24/05/2014;;@
25/05/2014;;@
26/05/2014;;@
27/05/2014;;@
28/05/2014;;@
29/05/2014;;@
30/05/2014;;@
31/05/2014;;@
01/06/2014;;@
02/06/2014;;@
03/06/2014;;@
04/06/2014;;@
05/06/2014;;@
06/06/2014;;@
07/06/2014;;@
08/06/2014;;@
09/06/2014;;@
10/06/2014;;@
11/06/2014;;@
12/06/2014;;@
13/06/2014;;@
14/06/2014;;@
15/06/2014;;@
16/06/2014;;@
17/06/2014;;@
18/06/2014;;@
19/06/2014;;@
20/06/2014;;@
21/06/2014;;@
22/06/2014;;@
23/06/2014;;@
24/06/2014;;@
25/06/2014;;@
26/06/2014;;@
27/06/2014;;@
28/06/2014;;@
29/06/2014;;@
30/06/2014;;@
01/07/2014;;@
02/07/2014;;@
03/07/2014;;@
04/07/2014;;@
05/07/2014;;@
06/07/2014;;@
07/07/2014;;@
08/07/2014;;@
09/07/2014;;@
10/07/2014;;@
11/07/2014;;@
12/07/2014;;@
13/07/2014;;@
14/07/2014;;@
15/07/2014;;@
16/07/2014;;@
17/07/2014;;@
18/07/2014;;@
19/07/2014;;@
20/07/2014;;@
21/07/2014;;@
22/07/2014;;@
23/07/2014;;@
24/07/2014;;@
25/07/2014;;@
26/07/2014;;@
27/07/2014;;@
28/07/2014;;@
29/07/2014;;@
30/07/2014;;@
31/07/2014;;@
01/08/2014;;@
02/08/2014;;@
03/08/2014;;@
04/08/2014;;@
05/08/2014;;@
06/08/2014;;@
07/08/2014;;@
08/08/2014;;@
09/08/2014;;@
10/08/2014;;@
11/08/2014;;@
12/08/2014;;@
13/08/2014;;@
14/08/2014;;@
15/08/2014;;@
16/08/2014;;@
17/08/2014;;@
18/08/2014;;@
19/08/2014;;@
20/08/2014;;@
21/08/2014;;@
22/08/2014;;@
23/08/2014;;@
24/08/2014;;@
25/08/2014;;@
26/08/2014;;@
27/08/2014;;@
28/08/2014;;@
29/08/2014;;@
30/08/2014;;@
31/08/2014;;@
01/09/2014;;@
02/09/2014;;@
03/09/2014;;@
04/09/2014;;@
05/09/2014;;@
06/09/2014;;@
07/09/2014;;@
08/09/2014;;@
09/09/2014;;@
10/09/2014;;@
11/09/2014;;@
12/09/2014;;@
13/09/2014;;@
14/09/2014;;@
15/09/2014;;@
16/09/2014;;@
17/09/2014;;@
18/09/2014;;@
19/09/2014;;@
20/09/2014;;@
21/09/2014;;@
22/09/2014;;@
23/09/2014;;@
24/09/2014;;@
25/09/2014;;@
26/09/2014;;@
27/09/2014;;@
28/09/2014;;@
29/09/2014;;@
30/09/2014;;@
01/10/2014;;@
02/10/2014;;@
03/10/2014;;@
04/10/2014;;@
05/10/2014;;@
06/10/2014;;@
07/10/2014;;@
08/10/2014;;@
09/10/2014;;@
10/10/2014;;@
11/10/2014;;@
12/10/2014;;@
13/10/2014;;@
14/10/2014;;@
15/10/2014;;@
16/10/2014;;@
17/10/2014;;@
18/10/2014;;@
19/10/2014;;@
20/10/2014;;@
21/10/2014;;@
22/10/2014;;@
23/10/2014;;@
24/10/2014;;@
25/10/2014;;@
26/10/2014;;@
27/10/2014;;@
28/10/2014;;@
29/10/2014;;@
30/10/2014;;@
31/10/2014;;@
01/11/2014;;@
02/11/2014;;@
03/11/2014;;@
04/11/2014;;@
05/11/2014;;@
06/11/2014;;@
07/11/2014;;@
08/11/2014;;@
09/11/2014;;@
10/11/2014;;@
11/11/2014;;@
12/11/2014;;@
13/11/2014;;@
14/11/2014;;@
15/11/2014;;@
16/11/2014;;@
17/11/2014;;@
18/11/2014;;@
19/11/2014;;@
20/11/2014;;@
21/11/2014;;@
22/11/2014;;@
23/11/2014;;@
24/11/2014;;@
25/11/2014;;@
26/11/2014;;@
27/11/2014;;@
28/11/2014;;@
29/11/2014;;@
30/11/2014;;@
01/12/2014;;@
02/12/2014;;@
03/12/2014;;@
04/12/2014;;@
05/12/2014;;@
06/12/2014;;@
07/12/2014;;@
08/12/2014;;@
09/12/2014;;@
10/12/2014;;@
11/12/2014;;@
12/12/2014;;@
13/12/2014;;@
14/12/2014;;@
15/12/2014;;@
16/12/2014;;@
17/12/2014;;@
18/12/2014;;@
19/12/2014;;@
20/12/2014;;@
21/12/2014;;@
22/12/2014;;@
23/12/2014;;@
24/12/2014;;@
25/12/2014;;@
26/12/2014;;@
27/12/2014;;@
28/12/2014;;@
29/12/2014;;@
30/12/2014;;@
31/12/2014;;@
01/01/2017;;@
02/01/2017;;@
03/01/2017;;@
04/01/2017;;@
05/01/2017;;@
06/01/2017;;@
07/01/2017;;@
08/01/2017;;@
09/01/2017;;@
10/01/2017;;@
11/01/2017;;@
12/01/2017;;@
13/01/2017;;@
14/01/2017;;@
15/01/2017;;@
16/01/2017;;@
17/01/2017;;@
18/01/2017;;@
19/01/2017;;@
20/01/2017;;@
21/01/2017;;@
22/01/2017;;@
23/01/2017;;@
24/01/2017;;@
25/01/2017;;@
26/01/2017;;@
27/01/2017;;@
28/01/2017;;@
29/01/2017;;@
30/01/2017;;@
31/01/2017;;@
01/02/2017;;@
02/02/2017;;@
03/02/2017;;@
04/02/2017;;@
05/02/2017;;@
06/02/2017;;@
07/02/2017;;@
08/02/2017;;@
09/02/2017;;@
10/02/2017;;@
11/02/2017;;@
12/02/2017;;@
13/02/2017;;@
14/02/2017;;@
15/02/2017;;@
16/02/2017;;@
17/02/2017;;@
18/02/2017;;@
19/02/2017;;@
20/02/2017;;@
21/02/2017;;@
22/02/2017;;@
23/02/2017;;@
24/02/2017;;@
25/02/2017;;@
26/02/2017;;@
27/02/2017;;@
28/02/2017;;@
01/03/2017;;@
02/03/2017;;@
03/03/2017;;@
04/03/2017;;@
05/03/2017;;@
06/03/2017;;@
07/03/2017;;@
08/03/2017;;@
09/03/2017;;@
10/03/2017;;@
11/03/2017;;@
12/03/2017;;@
13/03/2017;;@
14/03/2017;;@
15/03/2017;;@
16/03/2017;;@
17/03/2017;;@
18/03/2017;;@
19/03/2017;;@
20/03/2017;;@
21/03/2017;;@
22/03/2017;;@
23/03/2017;;@
24/03/2017;;@
25/03/2017;;@
26/03/2017;;@
27/03/2017;;@
28/03/2017;;@
29/03/2017;;@
30/03/2017;;@
31/03/2017;;@
01/04/2017;;@
02/04/2017;;@
03/04/2017;;@
04/04/2017;;@
05/04/2017;;@
06/04/2017;;@
07/04/2017;;@
08/04/2017;;@
09/04/2017;;@
10/04/2017;;@
11/04/2017;;@
12/04/2017;;@
13/04/2017;;@
14/04/2017;;@
15/04/2017;;@
16/04/2017;;@
17/04/2017;;@
18/04/2017;;@
19/04/2017;;@
20/04/2017;;@
21/04/2017;;@
22/04/2017;;@
23/04/2017;;@
24/04/2017;;@
25/04/2017;;@
26/04/2017;;@
27/04/2017;;@
28/04/2017;;@
29/04/2017;;@
30/04/2017;;@
01/05/2017;;@
02/05/2017;;@
03/05/2017;;@
04/05/2017;;@
05/05/2017;;@
06/05/2017;;@
07/05/2017;;@
08/05/2017;;@
09/05/2017;;@
10/05/2017;;@
11/05/2017;;@
12/05/2017;;@
13/05/2017;;@
14/05/2017;;@
15/05/2017;;@
16/05/2017;;@
17/05/2017;;@
18/05/2017;;@
19/05/2017;;@
20/05/2017;;@
21/05/2017;;@
22/05/2017;;@
23/05/2017;;@
24/05/2017;;@
25/05/2017;;@
26/05/2017;;@
27/05/2017;;@
28/05/2017;;@
29/05/2017;;@
30/05/2017;;@
31/05/2017;;@
01/06/2017;;@
02/06/2017;;@
03/06/2017;;@
04/06/2017;;@
05/06/2017;;@
06/06/2017;;@
07/06/2017;;@
08/06/2017;;@
09/06/2017;;@
10/06/2017;;@
11/06/2017;;@
12/06/2017;;@
13/06/2017;;@
14/06/2017;;@
15/06/2017;;@
16/06/2017;;@
17/06/2017;;@
18/06/2017;;@
19/06/2017;;@
20/06/2017;;@
21/06/2017;;@
22/06/2017;;@
23/06/2017;;@
24/06/2017;;@
25/06/2017;;@
26/06/2017;;@
27/06/2017;;@
28/06/2017;;@
29/06/2017;;@
30/06/2017;;@
01/07/2017;;@
02/07/2017;;@
03/07/2017;;@
04/07/2017;;@
05/07/2017;;@
06/07/2017;;@
07/07/2017;;@
08/07/2017;;@
09/07/2017;;@
10/07/2017;;@
11/07/2017;;@
12/07/2017;;@
13/07/2017;;@
14/07/2017;;@
15/07/2017;;@
16/07/2017;;@
17/07/2017;;@
18/07/2017;;@
19/07/2017;;@
20/07/2017;;@
21/07/2017;;@
22/07/2017;;@
23/07/2017;;@
24/07/2017;;@
25/07/2017;;@
26/07/2017;;@
27/07/2017;;@
28/07/2017;;@
29/07/2017;;@
30/07/2017;;@
31/07/2017;;@
01/08/2017;;@
02/08/2017;;@
03/08/2017;;@
04/08/2017;;@
05/08/2017;;@
06/08/2017;;@
07/08/2017;;@
08/08/2017;;@
09/08/2017;;@
10/08/2017;;@
11/08/2017;;@
12/08/2017;;@
13/08/2017;;@
14/08/2017;;@
15/08/2017;;@
16/08/2017;;@
17/08/2017;;@
18/08/2017;;@
19/08/2017;;@
20/08/2017;;@
21/08/2017;;@
22/08/2017;;@
23/08/2017;;@
24/08/2017;;@
25/08/2017;;@
26/08/2017;;@
27/08/2017;;@
28/08/2017;;@
29/08/2017;;@
30/08/2017;;@
31/08/2017;;@
01/09/2017;;@
02/09/2017;;@
03/09/2017;;@
04/09/2017;;@
05/09/2017;;@
06/09/2017;;@
07/09/2017;;@
08/09/2017;0,0;P
09/09/2017;0,0;P
10/09/2017;118,4;P
11/09/2017;8,2;P
12/09/2017;0,0;P
13/09/2017;0,0;P
14/09/2017;0,8;P
15/09/2017;0,4;P
16/09/2017;2,6;P
17/09/2017;0,0;P
18/09/2017;0,8;P
19/09/2017;27,8;P
20/09/2017;0,2;P
21/09/2017;0,0;P
22/09/2017;0,0;P
23/09/2017;0,0;P
24/09/2017;0,2;P
25/09/2017;1,2;P
26/09/2017;0,2;P
27/09/2017;0,0;P
28/09/2017;0,0;P
29/09/2017;0,0;P
30/09/2017;0,0;P
01/10/2017;0,0;P
02/10/2017;1,2;P
03/10/2017;0,0;P
04/10/2017;0,4;P
05/10/2017;0,0;P
06/10/2017;0,2;P
07/10/2017;0,0;P
08/10/2017;0,0;P
09/10/2017;0,0;P
10/10/2017;0,0;P
11/10/2017;0,2;P
12/10/2017;1,2;P
13/10/2017;0,2;P
14/10/2017;0,2;P
15/10/2017;0,2;P
16/10/2017;0,2;P
17/10/2017;0,2;P
18/10/2017;0,2;P
19/10/2017;0,0;P
20/10/2017;0,0;P
21/10/2017;0,0;P
22/10/2017;1,2;P
23/10/2017;0,2;P
24/10/2017;0,0;P
25/10/2017;0,0;P
26/10/2017;0,0;P
27/10/2017;0,0;P
28/10/2017;0,0;P
29/10/2017;0,0;P
30/10/2017;0,0;P
31/10/2017;0,0;P
01/11/2017;0,0;P
02/11/2017;0,0;P
03/11/2017;5,4;P
04/11/2017;3,6;P
05/11/2017;0,0;P
06/11/2017;31,2;P
07/11/2017;28,8;P
08/11/2017;2,6;P
09/11/2017;4,2;P
10/11/2017;0,0;P
11/11/2017;0,2;P
12/11/2017;0,0;P
13/11/2017;20,2;P
14/11/2017;0,4;P
15/11/2017;0,0;P
16/11/2017;1,4;P
17/11/2017;0,0;P
18/11/2017;0,2;P
19/11/2017;0,2;P
20/11/2017;0,2;P
21/11/2017;0,0;P
22/11/2017;0,0;P
23/11/2017;0,0;P
24/11/2017;0,2;P
25/11/2017;0,0;P
26/11/2017;17,8;P
27/11/2017;0,2;P
28/11/2017;0,0;P
29/11/2017;19,2;P
30/11/2017;3,6;P
01/12/2017;0,2;P
02/12/2017;0,4;P
03/12/2017;0,0;P
04/12/2017;0,0;P
05/12/2017;0,2;P
06/12/2017;0,2;P
07/12/2017;0,6;P
08/12/2017;13,8;P
09/12/2017;28,0;P
10/12/2017;0,0;P
11/12/2017;46,4;P
12/12/2017;15,4;P
13/12/2017;0,8;P
14/12/2017;21,0;P
15/12/2017;3,2;P
16/12/2017;4,8;P
17/12/2017;0,6;P
18/12/2017;0,2;P
19/12/2017;0,2;P
20/12/2017;0,0;P
21/12/2017;0,2;P
22/12/2017;0,0;P
23/12/2017;0,0;P
24/12/2017;0,2;P
25/12/2017;0,0;P
26/12/2017;4,2;P
27/12/2017;14,0;P
28/12/2017;41,8;P
29/12/2017;0,0;P
30/12/2017;0,0;P
31/12/2017;0,0;P
01/01/2018;0,2;P
02/01/2018;12,4;P
03/01/2018;0,6;P
04/01/2018;8,4;P
05/01/2018;0,0;P
06/01/2018;0,0;P
07/01/2018;0,0;P
08/01/2018;0,0;P
09/01/2018;0,0;P
10/01/2018;0,0;P
11/01/2018;0,0;P
12/01/2018;0,0;P
13/01/2018;0,0;P
14/01/2018;0,0;P
15/01/2018;0,0;P
16/01/2018;0,0;P
17/01/2018;1,2;P
18/01/2018;0,4;P
19/01/2018;8,6;P
20/01/2018;2,0;P
21/01/2018;15,6;P
22/01/2018;0,2;P
23/01/2018;0,0;P
24/01/2018;0,0;P
25/01/2018;0,0;P
26/01/2018;0,0;P
27/01/2018;0,2;P
28/01/2018;0,2;P
29/01/2018;0,0;P
30/01/2018;0,0;P
31/01/2018;0,0;P
01/02/2018;13,8;P
02/02/2018;17,0;P
03/02/2018;20,6;P
04/02/2018;1,2;P
05/02/2018;0,2;P
06/02/2018;0,4;P
07/02/2018;2,6;P
08/02/2018;2,6;P
09/02/2018;0,2;P
10/02/2018;0,2;P
11/02/2018;0,0;P
12/02/2018;9,6;P
13/02/2018;4,2;P
14/02/2018;0,0;P
15/02/2018;0,0;P
16/02/2018;0,2;P
17/02/2018;0,8;P
18/02/2018;21,6;P
19/02/2018;0,0;P
20/02/2018;0,0;P
21/02/2018;0,0;P
22/02/2018;0,0;P
23/02/2018;0,8;P
24/02/2018;5,6;P
25/02/2018;0,2;P
26/02/2018;0,2;P
27/02/2018;0,0;P
28/02/2018;0,0;P
01/03/2018;0,0;P
02/03/2018;22,6;P
03/03/2018;15,6;P
04/03/2018;21,6;P
05/03/2018;16,8;P
06/03/2018;2,2;P
07/03/2018;26,0;P
08/03/2018;0,8;P
09/03/2018;0,0;P
10/03/2018;0,0;P
11/03/2018;14,0;P
12/03/2018;37,2;P
13/03/2018;9,6;P
14/03/2018;10,0;P
15/03/2018;0,2;P
16/03/2018;43,0;P
17/03/2018;13,8;P
18/03/2018;5,0;P
19/03/2018;34,4;P
20/03/2018;4,4;P
21/03/2018;0,0;P
22/03/2018;0,0;P
23/03/2018;0,0;P
24/03/2018;0,0;P
25/03/2018;0,0;P
26/03/2018;0,0;P
27/03/2018;0,0;P
28/03/2018;0,2;P
29/03/2018;0,0;P
30/03/2018;0,8;P
31/03/2018;9,4;P
01/04/2018;8,0;P
02/04/2018;0,0;P
03/04/2018;0,0;P
04/04/2018;13,0;P
05/04/2018;13,4;P
06/04/2018;0,0;P
07/04/2018;0,2;P
08/04/2018;0,0;P
09/04/2018;11,2;P
10/04/2018;6,6;P
11/04/2018;7,8;P
12/04/2018;5,2;P
13/04/2018;8,4;P
14/04/2018;0,0;P
15/04/2018;0,0;P
16/04/2018;0,0;P
17/04/2018;0,0;P
18/04/2018;1,6;P
19/04/2018;0,0;P
20/04/2018;0,0;P
21/04/2018;0,0;P
22/04/2018;0,0;P
23/04/2018;0,0;P
24/04/2018;0,0;P
25/04/2018;0,0;P
26/04/2018;0,0;P
27/04/2018;0,0;P
28/04/2018;0,0;P
29/04/2018;0,0;P
30/04/2018;0,0;P
01/05/2018;0,0;P
02/05/2018;19,2;P
03/05/2018;5,2;P
04/05/2018;1,6;P
05/05/2018;0,2;P
06/05/2018;0,0;P
07/05/2018;0,2;P
08/05/2018;6,0;P
09/05/2018;0,0;P
10/05/2018;3,0;P
11/05/2018;0,2;P
12/05/2018;0,0;P
13/05/2018;0,0;P
14/05/2018;11,2;P
15/05/2018;1,6;P
16/05/2018;1,4;P
17/05/2018;0,0;P
18/05/2018;0,8;P
19/05/2018;0,0;P
20/05/2018;0,0;P
21/05/2018;0,2;P
22/05/2018;19,2;P
23/05/2018;7,0;P
24/05/2018;0,0;P
25/05/2018;0,0;P
26/05/2018;0,0;P
27/05/2018;0,0;P
28/05/2018;0,0;P
29/05/2018;0,0;P
30/05/2018;0,0;P
31/05/2018;1,6;P
01/06/2018;0,0;P
02/06/2018;0,0;P
03/06/2018;0,0;P
04/06/2018;0,0;P
05/06/2018;0,0;P
06/06/2018;0,0;P
07/06/2018;0,0;P
08/06/2018;4,2;P
09/06/2018;0,0;P
10/06/2018;0,0;P
11/06/2018;0,0;P
12/06/2018;0,0;P
13/06/2018;4,0;P
14/06/2018;1,4;P
15/06/2018;0,0;P
16/06/2018;0,0;P
17/06/2018;0,0;P
18/06/2018;0,0;P
19/06/2018;0,0;P
20/06/2018;0,0;P
21/06/2018;0,0;P
22/06/2018;0,0;P
23/06/2018;0,0;P
24/06/2018;0,0;P
25/06/2018;0,0;P
26/06/2018;2,0;P
27/06/2018;0,0;P
28/06/2018;3,4;P
29/06/2018;0,0;P
30/06/2018;0,0;P
01/07/2018;0,0;P
02/07/2018;0,0;P
03/07/2018;0,0;P
04/07/2018;0,0;P
05/07/2018;0,0;P
06/07/2018;0,2;P
07/07/2018;0,0;P
08/07/2018;8,8;P
09/07/2018;0,0;P
10/07/2018;0,0;P
11/07/2018;0,0;P
12/07/2018;0,0;P
13/07/2018;0,0;P
14/07/2018;0,0;P
15/07/2018;0,0;P
16/07/2018;0,0;P
17/07/2018;0,0;P
18/07/2018;0,0;P
19/07/2018;0,0;P
20/07/2018;0,0;P
21/07/2018;0,0;P
22/07/2018;0,0;P
23/07/2018;0,0;P
24/07/2018;0,0;P
25/07/2018;0,0;P
26/07/2018;0,0;P
27/07/2018;0,8;P
28/07/2018;0,0;P
29/07/2018;0,0;P
30/07/2018;0,0;P
31/07/2018;0,0;P
01/08/2018;0,0;P
02/08/2018;0,2;P
03/08/2018;0,0;P
04/08/2018;0,0;P
05/08/2018;0,0;P
06/08/2018;0,0;P
07/08/2018;0,0;P
08/08/2018;0,0;P
09/08/2018;0,0;P
10/08/2018;0,0;P
11/08/2018;0,0;P
12/08/2018;0,0;P
13/08/2018;0,0;P
14/08/2018;2,0;P
15/08/2018;0,0;P
16/08/2018;0,0;P
17/08/2018;0,0;P
18/08/2018;0,0;P
19/08/2018;0,0;P
20/08/2018;0,0;P
21/08/2018;0,0;P
22/08/2018;0,0;P
23/08/2018;0,2;P
24/08/2018;0,0;P
25/08/2018;0,0;P
26/08/2018;6,4;P
27/08/2018;0,0;P
28/08/2018;0,0;P
29/08/2018;0,0;P
30/08/2018;0,0;P
31/08/2018;0,0;P
01/09/2018;19,2;P
02/09/2018;12,8;P
03/09/2018;0,0;P
04/09/2018;0,4;P
05/09/2018;0,0;P
06/09/2018;0,0;P
07/09/2018;0,0;P
08/09/2018;0,0;P
09/09/2018;0,0;P
10/09/2018;0,0;P
11/09/2018;0,0;P
12/09/2018;0,0;P
13/09/2018;0,0;P
14/09/2018;0,0;P
15/09/2018;0,0;P
16/09/2018;0,0;P
17/09/2018;0,4;P
18/09/2018;1,0;P
19/09/2018;0,0;P
20/09/2018;0,0;P
21/09/2018;0,0;P
22/09/2018;0,0;P
23/09/2018;0,0;P
24/09/2018;0,2;P
25/09/2018;0,0;P
26/09/2018;0,0;P
27/09/2018;0,0;P
28/09/2018;0,0;P
29/09/2018;0,0;P
30/09/2018;0,0;P
01/10/2018;3,0;P
02/10/2018;6,0;P
03/10/2018;0,0;P
04/10/2018;0,0;P
05/10/2018;0,0;P
06/10/2018;0,2;P
07/10/2018;7,8;P
08/10/2018;0,2;P
09/10/2018;0,0;P
10/10/2018;0,0;P
11/10/2018;1,6;P
12/10/2018;0,0;P
13/10/2018;0,0;P
14/10/2018;0,0;P
15/10/2018;0,0;P
16/10/2018;0,0;P
17/10/2018;1,2;P
18/10/2018;0,0;P
19/10/2018;0,0;P
20/10/2018;0,0;P
21/10/2018;0,0;P
22/10/2018;0,0;P
23/10/2018;0,0;P
24/10/2018;0,0;P
25/10/2018;0,0;P
26/10/2018;0,0;P
27/10/2018;1,8;P
28/10/2018;0,2;P
29/10/2018;21,6;P
30/10/2018;67,4;P
31/10/2018;1,2;P
01/11/2018;15,2;P
02/11/2018;2,8;P
03/11/2018;10,0;P
04/11/2018;0,0;P
05/11/2018;1,6;P
06/11/2018;8,2;P
07/11/2018;4,2;P
08/11/2018;0,0;P
09/11/2018;0,2;P
10/11/2018;0,0;P
11/11/2018;2,8;P
12/11/2018;0,2;P
13/11/2018;0,2;P
14/11/2018;0,0;P
15/11/2018;0,2;P
16/11/2018;0,0;P
17/11/2018;0,0;P
18/11/2018;0,0;P
19/11/2018;0,0;P
20/11/2018;0,8;P
21/11/2018;0,4;P
22/11/2018;3,0;P
23/11/2018;2,2;P
24/11/2018;47,2;P
25/11/2018;20,0;P
26/11/2018;9,2;P
27/11/2018;0,0;P
28/11/2018;0,0;P
29/11/2018;0,0;P
30/11/2018;0,2;P
01/12/2018;0,0;P
02/12/2018;0,0;P
03/12/2018;23,2;P
04/12/2018;3,4;P
05/12/2018;0,2;P
06/12/2018;0,8;P
07/12/2018;8,4;P
08/12/2018;4,2;P
09/12/2018;0,4;P
10/12/2018;2,4;P
11/12/2018;0,0;P
12/12/2018;0,0;P
13/12/2018;0,6;P
14/12/2018;0,0;P
15/12/2018;0,0;P
16/12/2018;0,2;P
17/12/2018;21,6;P
18/12/2018;0,4;P
19/12/2018;0,0;P
20/12/2018;16,0;P
21/12/2018;0,0;P
22/12/2018;3,2;P
23/12/2018;7,0;P
24/12/2018;1,8;P
25/12/2018;0,2;P
26/12/2018;0,0;P
27/12/2018;0,2;P
28/12/2018;0,0;P
29/12/2018;0,0;P
30/12/2018;0,0;P
31/12/2018;0,2;P
01/01/2019;0,2;P
02/01/2019;0,0;P
03/01/2019;0,0;P
04/01/2019;0,0;P
05/01/2019;0,0;P
06/01/2019;0,0;P
07/01/2019;0,0;P
08/01/2019;0,2;P
09/01/2019;0,0;P
10/01/2019;0,2;P
11/01/2019;0,0;P
12/01/2019;0,0;P
13/01/2019;0,0;P
14/01/2019;0,0;P
15/01/2019;0,0;P
16/01/2019;0,0;P
17/01/2019;5,6;P
18/01/2019;45,0;P
19/01/2019;0,0;P
20/01/2019;0,6;P
21/01/2019;0,0;P
22/01/2019;0,0;P
23/01/2019;3,6;P
24/01/2019;5,6;P
25/01/2019;0,2;P
26/01/2019;0,0;P
27/01/2019;0,0;P
28/01/2019;9,4;P
29/01/2019;0,0;P
30/01/2019;0,0;P
31/01/2019;8,8;P
01/02/2019;26,6;P
02/02/2019;37,8;P
03/02/2019;18,4;P
04/02/2019;9,8;P
05/02/2019;0,2;P
06/02/2019;0,0;P
07/02/2019;0,0;P
08/02/2019;0,0;P
09/02/2019;0,0;P
10/02/2019;2,0;P
11/02/2019;1,0;P
12/02/2019;0,0;P
13/02/2019;0,0;P
14/02/2019;0,0;P
15/02/2019;0,0;P
16/02/2019;0,0;P
17/02/2019;0,2;P
18/02/2019;0,0;P
19/02/2019;0,0;P
20/02/2019;0,0;P
21/02/2019;0,0;P
22/02/2019;0,0;P
23/02/2019;0,2;P
24/02/2019;0,0;P
25/02/2019;0,0;P
26/02/2019;0,0;P
27/02/2019;0,0;P
28/02/2019;0,0;P
01/03/2019;0,0;P
02/03/2019;0,2;P
03/03/2019;0,0;P
04/03/2019;0,0;P
05/03/2019;0,2;P
06/03/2019;0,0;P
07/03/2019;0,0;P
08/03/2019;0,0;P
09/03/2019;0,0;P
10/03/2019;0,0;P
11/03/2019;2,8;P
12/03/2019;0,0;P
13/03/2019;1,6;P
14/03/2019;8,4;P
15/03/2019;0,0;P
16/03/2019;0,0;P
17/03/2019;0,0;P
18/03/2019;2,6;P
19/03/2019;0,0;P
20/03/2019;0,0;P
21/03/2019;0,0;P
22/03/2019;0,0;P
23/03/2019;0,0;P
24/03/2019;0,0;P
25/03/2019;0,0;P
26/03/2019;0,0;P
27/03/2019;0,0;P
28/03/2019;0,0;P
29/03/2019;0,0;P
30/03/2019;0,0;P
31/03/2019;0,0;P
01/04/2019;0,0;P
02/04/2019;0,0;P
03/04/2019;1,0;P
04/04/2019;15,6;P
05/04/2019;25,6;P
06/04/2019;0,2;P
07/04/2019;0,2;P
08/04/2019;0,0;P
09/04/2019;0,0;P
10/04/2019;0,0;P
11/04/2019;0,0;P
12/04/2019;3,4;P
13/04/2019;2,4;P
14/04/2019;8,2;P
15/04/2019;20,8;P
16/04/2019;0,0;P
17/04/2019;0,0;P
18/04/2019;0,0;P
19/04/2019;0,0;P
20/04/2019;0,0;P
21/04/2019;0,0;P
22/04/2019;0,0;P
23/04/2019;19,0;P
24/04/2019;21,4;P
25/04/2019;0,4;P
26/04/2019;0,0;P
27/04/2019;0,8;P
28/04/2019;0,4;P
29/04/2019;18,2;P
30/04/2019;0,0;P
01/05/2019;0,0;P
02/05/2019;0,0;P
03/05/2019;0,0;P
04/05/2019;6,6;P
05/05/2019;7,0;P
06/05/2019;11,8;P
07/05/2019;0,0;P
08/05/2019;0,2;P
09/05/2019;20,6;P
10/05/2019;0,8;P
11/05/2019;0,2;P
12/05/2019;6,4;P
13/05/2019;0,0;P
14/05/2019;0,0;P
15/05/2019;0,0;P
16/05/2019;0,0;P
17/05/2019;0,0;P
18/05/2019;2,0;P
19/05/2019;7,0;P
20/05/2019;14,8;P
21/05/2019;3,0;P
22/05/2019;0,0;P
23/05/2019;0,0;P
24/05/2019;0,0;P
25/05/2019;0,0;P
26/05/2019;1,2;P
27/05/2019;6,6;P
28/05/2019;2,8;P
29/05/2019;13,4;P
30/05/2019;2,6;P
31/05/2019;0,0;P
01/06/2019;0,0;P
02/06/2019;0,0;P
03/06/2019;0,0;P
04/06/2019;0,0;P
05/06/2019;0,0;P
06/06/2019;0,0;P
07/06/2019;0,0;P
08/06/2019;0,0;P
09/06/2019;0,0;P
10/06/2019;0,0;P
11/06/2019;0,0;P
12/06/2019;0,0;P
13/06/2019;0,0;P
14/06/2019;0,0;P
15/06/2019;0,0;P
16/06/2019;0,0;P
17/06/2019;0,0;P
18/06/2019;0,0;P
19/06/2019;0,0;P
20/06/2019;0,0;P
21/06/2019;0,0;P
22/06/2019;4,4;P
23/06/2019;0,6;P
24/06/2019;0,0;P
25/06/2019;0,0;P
26/06/2019;0,0;P
27/06/2019;0,0;P
28/06/2019;0,0;P
29/06/2019;0,0;P
30/06/2019;0,0;P
01/07/2019;0,0;P
02/07/2019;0,0;P
03/07/2019;0,0;P
04/07/2019;0,0;P
05/07/2019;0,0;P
06/07/2019;0,0;P
07/07/2019;0,0;P
08/07/2019;33,6;P
09/07/2019;0,0;P
10/07/2019;0,0;P
11/07/2019;0,0;P
12/07/2019;0,0;P
13/07/2019;0,0;P
14/07/2019;3,6;P
15/07/2019;11,0;P
16/07/2019;10,0;P
17/07/2019;0,0;P
18/07/2019;0,0;P
19/07/2019;0,0;P
20/07/2019;0,0;P
21/07/2019;0,0;P
22/07/2019;0,0;P
23/07/2019;0,0;P
24/07/2019;0,0;P
25/07/2019;0,0;P
26/07/2019;0,0;P
27/07/2019;0,0;P
28/07/2019;53,2;P
29/07/2019;1,2;P
30/07/2019;0,0;P
31/07/2019;0,0;P
01/08/2019;0,0;P
02/08/2019;0,0;P
03/08/2019;0,0;P
04/08/2019;0,0;P
05/08/2019;0,0;P
06/08/2019;0,0;P
07/08/2019;0,0;P
08/08/2019;0,0;P
09/08/2019;0,0;P
10/08/2019;0,0;P
11/08/2019;0,0;P
12/08/2019;0,0;P
13/08/2019;0,0;P
14/08/2019;0,0;P
15/08/2019;0,0;P
16/08/2019;0,0;P
17/08/2019;0,0;P
18/08/2019;0,0;P
19/08/2019;0,0;P
20/08/2019;0,0;P
21/08/2019;0,0;P
22/08/2019;0,0;P
23/08/2019;0,0;P
24/08/2019;0,2;P
25/08/2019;0,0;P
26/08/2019;0,4;P
27/08/2019;0,0;P
28/08/2019;0,0;P
29/08/2019;0,0;P
30/08/2019;0,0;P
31/08/2019;2,4;P
01/09/2019;0,2;P
02/09/2019;12,0;P
03/09/2019;0,0;P
04/09/2019;0,0;P
05/09/2019;0,0;P
06/09/2019;0,0;P
07/09/2019;0,0;P
08/09/2019;15,0;P
09/09/2019;1,6;P
10/09/2019;0,0;P
11/09/2019;0,0;P
12/09/2019;0,0;P
13/09/2019;0,0;P
14/09/2019;0,0;P
15/09/2019;0,0;P
16/09/2019;0,0;P
17/09/2019;0,0;P
18/09/2019;0,0;P
19/09/2019;0,0;P
20/09/2019;0,0;P
21/09/2019;0,0;P
22/09/2019;4,4;P
23/09/2019;11,0;P
24/09/2019;14,4;P
25/09/2019;1,6;P
26/09/2019;0,4;P
27/09/2019;0,0;P
28/09/2019;0,4;P
29/09/2019;1,4;P
30/09/2019;0,8;P
01/10/2019;0,0;P
02/10/2019;19,8;P
03/10/2019;0,2;P
04/10/2019;0,0;P
05/10/2019;1,4;P
06/10/2019;0,2;P
07/10/2019;0,6;P
08/10/2019;0,0;P
09/10/2019;0,0;P
10/10/2019;3,4;P
11/10/2019;0,0;P
12/10/2019;0,0;P
13/10/2019;0,0;P
14/10/2019;0,0;P
15/10/2019;0,0;P
16/10/2019;15,0;P
17/10/2019;0,0;P
18/10/2019;0,2;P
19/10/2019;1,4;P
20/10/2019;0,0;P
21/10/2019;0,4;P
22/10/2019;0,0;P
23/10/2019;0,0;P
24/10/2019;2,2;P
25/10/2019;22,4;P
26/10/2019;0,0;P
27/10/2019;0,2;P
28/10/2019;0,2;P
29/10/2019;0,0;P
30/10/2019;22,6;P
31/10/2019;4,6;P
01/11/2019;6,8;P
02/11/2019;0,0;P
03/11/2019;20,2;P
04/11/2019;12,6;P
05/11/2019;7,0;P
06/11/2019;26,8;P
07/11/2019;8,4;P
08/11/2019;42,0;P
09/11/2019;28,6;P
10/11/2019;0,2;P
11/11/2019;4,4;P
12/11/2019;1,4;P
13/11/2019;20,6;P
14/11/2019;7,0;P
15/11/2019;27,8;P
16/11/2019;32,4;P
17/11/2019;36,8;P
18/11/2019;6,6;P
19/11/2019;31,6;P
20/11/2019;7,8;P
21/11/2019;0,4;P
22/11/2019;0,6;P
23/11/2019;4,6;P
24/11/2019;33,4;P
25/11/2019;3,8;P
26/11/2019;0,0;P
27/11/2019;0,4;P
28/11/2019;23,0;P
29/11/2019;1,8;P
30/11/2019;1,2;P
01/12/2019;0,2;P
02/12/2019;3,4;P
03/12/2019;13,6;P
04/12/2019;0,0;P
05/12/2019;0,2;P
06/12/2019;0,0;P
07/12/2019;1,2;P
08/12/2019;0,6;P
09/12/2019;12,6;P
10/12/2019;1,6;P
11/12/2019;0,0;P
12/12/2019;13,2;P
13/12/2019;6,2;P
14/12/2019;37,4;P
15/12/2019;7,2;P
16/12/2019;0,2;P
17/12/2019;0,0;P
18/12/2019;0,0;P
19/12/2019;0,0;P
20/12/2019;0,0;P
21/12/2019;28,8;P
22/12/2019;43,6;P
23/12/2019;0,0;P
24/12/2019;0,0;P
25/12/2019;0,0;P
26/12/2019;0,2;P
27/12/2019;0,2;P
28/12/2019;0,0;P
29/12/2019;0,2;P
30/12/2019;0,0;P
31/12/2019;0,2;P
01/01/2020;0,0;P
02/01/2020;0,2;P
03/01/2020;0,2;P
04/01/2020;0,4;P
05/01/2020;0,0;P
06/01/2020;0,2;P
07/01/2020;0,0;P
08/01/2020;0,2;P
09/01/2020;0,2;P
10/01/2020;0,2;P
11/01/2020;0,2;P
12/01/2020;0,0;P
13/01/2020;0,0;P
14/01/2020;0,2;P
15/01/2020;0,6;P
16/01/2020;0,2;P
17/01/2020;0,0;P
18/01/2020;9,0;P
19/01/2020;1,8;P
20/01/2020;0,0;P
21/01/2020;0,0;P
22/01/2020;0,0;P
23/01/2020;0,0;P
24/01/2020;0,0;P
25/01/2020;29,2;P
26/01/2020;0,4;P
27/01/2020;1,2;P
28/01/2020;9,4;P
29/01/2020;0,2;P
30/01/2020;0,0;P
31/01/2020;6,2;P
01/02/2020;4,0;P
02/02/2020;0,0;P
03/02/2020;0,0;P
04/02/2020;0,0;P
05/02/2020;0,2;P
06/02/2020;0,0;P
07/02/2020;0,0;P
08/02/2020;0,0;P
09/02/2020;0,2;P
10/02/2020;3,4;P
11/02/2020;3,6;P
12/02/2020;0,0;P
13/02/2020;0,0;P
14/02/2020;17,6;P
15/02/2020;0,2;P
16/02/2020;0,0;P
17/02/2020;0,2;P
18/02/2020;6,2;P
19/02/2020;0,2;P
20/02/2020;0,2;P
21/02/2020;0,0;P
22/02/2020;0,0;P
23/02/2020;0,0;P
24/02/2020;0,0;P
25/02/2020;0,0;P
26/02/2020;0,2;P
27/02/2020;0,2;P
28/02/2020;29,0;P
29/02/2020;0,0;P
01/03/2020;0,2;P
02/03/2020;9,0;P
03/03/2020;34,4;P
04/03/2020;6,4;P
05/03/2020;0,0;P
06/03/2020;0,0;P
07/03/2020;0,2;P
08/03/2020;0,0;P
09/03/2020;0,0;P
10/03/2020;1,6;P
11/03/2020;0,0;P
12/03/2020;0,0;P
13/03/2020;1,0;P
14/03/2020;0,0;P
15/03/2020;3,8;P
16/03/2020;0,0;P
17/03/2020;0,0;P
18/03/2020;0,0;P
19/03/2020;0,0;P
20/03/2020;0,0;P
21/03/2020;0,0;P
22/03/2020;0,0;P
23/03/2020;0,0;P
24/03/2020;0,0;P
25/03/2020;0,0;P
26/03/2020;0,0;P
27/03/2020;0,6;P
28/03/2020;0,0;P
29/03/2020;0,0;P
30/03/2020;0,0;P
31/03/2020;0,2;P
01/04/2020;0,0;P
02/04/2020;0,0;P
03/04/2020;0,0;P
04/04/2020;0,0;P
05/04/2020;0,0;P
06/04/2020;0,0;P
07/04/2020;0,0;P
08/04/2020;0,0;P
09/04/2020;0,0;P
10/04/2020;0,0;P
11/04/2020;0,0;P
12/04/2020;0,0;P
13/04/2020;0,0;P
14/04/2020;2,2;P
15/04/2020;0,0;P
16/04/2020;0,0;P
17/04/2020;0,0;P
18/04/2020;0,0;P
19/04/2020;0,0;P
20/04/2020;12,8;P
21/04/2020;10,8;P
22/04/2020;0,0;P
23/04/2020;0,2;P
24/04/2020;0,0;P
25/04/2020;0,0;P
26/04/2020;0,0;P
27/04/2020;0,0;P
28/04/2020;8,2;P
29/04/2020;23,0;P
30/04/2020;0,0;P
01/05/2020;4,6;P
02/05/2020;3,0;P
03/05/2020;0,0;P
04/05/2020;0,0;P
05/05/2020;0,0;P
06/05/2020;0,0;P
07/05/2020;0,0;P
08/05/2020;0,0;P
09/05/2020;0,0;P
10/05/2020;0,0;P
11/05/2020;18,6;P
12/05/2020;15,6;P
13/05/2020;0,8;P
14/05/2020;0,2;P
15/05/2020;4,6;P
16/05/2020;0,2;P
17/05/2020;0,0;P
18/05/2020;0,0;P
19/05/2020;2,4;P
20/05/2020;37,0;P
21/05/2020;0,0;P
22/05/2020;0,0;P
23/05/2020;0,0;P
24/05/2020;2,4;P
25/05/2020;0,0;P
26/05/2020;0,0;P
27/05/2020;0,0;P
28/05/2020;0,0;P
29/05/2020;4,2;P
30/05/2020;0,0;P
31/05/2020;0,2;P
01/06/2020;0,0;P
02/06/2020;0,0;P
03/06/2020;0,0;P
04/06/2020;2,8;P
05/06/2020;6,6;P
06/06/2020;0,0;P
07/06/2020;0,0;P
08/06/2020;12,8;P
09/06/2020;13,4;P
10/06/2020;14,2;P
11/06/2020;3,6;P
12/06/2020;0,0;P
13/06/2020;0,0;P
14/06/2020;28,2;P
15/06/2020;0,0;P
16/06/2020;0,0;P
17/06/2020;9,0;P
18/06/2020;69,0;P
19/06/2020;0,0;P
20/06/2020;0,0;P
21/06/2020;0,0;P
22/06/2020;2,0;P
23/06/2020;0,0;P
24/06/2020;0,0;P
25/06/2020;0,0;P
26/06/2020;0,0;P
27/06/2020;0,0;P
28/06/2020;0,0;P
29/06/2020;0,0;P
30/06/2020;0,0;P
01/07/2020;0,0;P
02/07/2020;0,0;P
03/07/2020;0,0;P
04/07/2020;0,0;P
05/07/2020;0,0;P
06/07/2020;0,0;P
07/07/2020;0,0;P
08/07/2020;0,0;P
09/07/2020;0,0;P
10/07/2020;0,0;P
11/07/2020;0,0;P
12/07/2020;0,0;P
13/07/2020;0,0;P
14/07/2020;0,0;P
15/07/2020;0,0;P
16/07/2020;0,0;P
17/07/2020;0,0;P
18/07/2020;0,8;P
19/07/2020;0,0;P
20/07/2020;0,0;P
21/07/2020;0,0;P
22/07/2020;0,0;P
23/07/2020;0,0;P
24/07/2020;0,0;P
25/07/2020;12,8;P
26/07/2020;0,0;P
27/07/2020;0,0;P
28/07/2020;0,0;P
29/07/2020;0,0;P
30/07/2020;0,0;P
31/07/2020;0,0;P
01/08/2020;0,0;P
02/08/2020;0,0;P
03/08/2020;0,0;P
04/08/2020;0,0;P
05/08/2020;0,8;P
06/08/2020;0,0;P
07/08/2020;0,0;P
08/08/2020;0,0;P
09/08/2020;0,0;P
10/08/2020;0,0;P
11/08/2020;0,0;P
12/08/2020;0,0;P
13/08/2020;0,0;P
14/08/2020;0,0;P
15/08/2020;0,0;P
16/08/2020;0,0;P
17/08/2020;0,0;P
18/08/2020;8,4;P
19/08/2020;7,8;P
20/08/2020;0,0;P
21/08/2020;0,0;P
22/08/2020;0,0;P
23/08/2020;0,0;P
24/08/2020;0,0;P
25/08/2020;0,0;P
26/08/2020;0,0;P
27/08/2020;0,0;P
28/08/2020;0,0;P
29/08/2020;0,0;P
30/08/2020;25,6;P
31/08/2020;2,2;P
01/09/2020;40,8;P
02/09/2020;0,0;P
03/09/2020;0,0;P
04/09/2020;0,0;P
05/09/2020;0,0;P
06/09/2020;0,0;P
07/09/2020;0,0;P
08/09/2020;0,0;P
09/09/2020;0,0;P
10/09/2020;0,0;P
11/09/2020;0,0;P
12/09/2020;0,0;P
13/09/2020;0,0;P
14/09/2020;0,0;P
15/09/2020;0,0;P
16/09/2020;0,0;P
17/09/2020;0,0;P
18/09/2020;0,2;P
19/09/2020;0,0;P
20/09/2020;2,4;P
21/09/2020;2,2;P
22/09/2020;0,0;P
23/09/2020;14,2;P
24/09/2020;15,0;P
25/09/2020;11,2;P
26/09/2020;2,2;P
27/09/2020;5,8;P
28/09/2020;0,0;P
29/09/2020;0,2;P
30/09/2020;0,0;P
01/10/2020;0,0;P
02/10/2020;1,6;P
03/10/2020;13,8;P
04/10/2020;12,0;P
05/10/2020;37,0;P
06/10/2020;0,2;P
07/10/2020;22,4;P
08/10/2020;0,0;P
09/10/2020;0,2;P
10/10/2020;0,0;P
11/10/2020;0,2;P
12/10/2020;11,0;P
13/10/2020;0,0;P
14/10/2020;20,4;P
15/10/2020;33,4;P
16/10/2020;18,2;P
17/10/2020;0,2;P
18/10/2020;0,2;P
19/10/2020;0,0;P
20/10/2020;0,2;P
21/10/2020;0,2;P
22/10/2020;0,0;P
23/10/2020;0,0;P
24/10/2020;1,4;P
25/10/2020;5,6;P
26/10/2020;0,2;P
27/10/2020;33,0;P
28/10/2020;0,2;P
29/10/2020;0,6;P
30/10/2020;0,6;P
31/10/2020;0,0;P
01/11/2020;0,0;P
02/11/2020;0,0;P
03/11/2020;1,0;P
04/11/2020;1,8;P
05/11/2020;0,2;P
06/11/2020;0,0;P
07/11/2020;0,2;P
08/11/2020;0,2;P
09/11/2020;0,0;P
10/11/2020;0,2;P
11/11/2020;0,2;P
12/11/2020;1,2;P
13/11/2020;2,6;P
14/11/2020;0,0;P
15/11/2020;0,0;P
16/11/2020;10,8;P
17/11/2020;5,8;P
18/11/2020;0,0;P
19/11/2020;0,0;P
20/11/2020;1,6;P
21/11/2020;0,8;P
22/11/2020;0,0;P
23/11/2020;0,0;P
24/11/2020;0,0;P
25/11/2020;0,0;P
26/11/2020;0,0;P
27/11/2020;0,0;P
28/11/2020;0,4;P
29/11/2020;0,0;P
30/11/2020;0,2;P
01/12/2020;0,2;P
02/12/2020;6,6;P
03/12/2020;1,6;P
04/12/2020;0,4;P
05/12/2020;37,4;P
06/12/2020;21,2;P
07/12/2020;29,6;P
08/12/2020;0,8;P
09/12/2020;0,0;P
10/12/2020;4,6;P
11/12/2020;0,0;P
12/12/2020;0,0;P
13/12/2020;0,0;P
14/12/2020;0,0;P
15/12/2020;0,0;P
16/12/2020;0,0;P
17/12/2020;0,0;P
18/12/2020;0,0;P
19/12/2020;0,0;P
20/12/2020;0,0;P
21/12/2020;0,0;P
22/12/2020;0,0;P
23/12/2020;0,0;P
24/12/2020;0,6;P
25/12/2020;1,4;P
26/12/2020;2,6;P
27/12/2020;0,0;P
28/12/2020;25,4;P
29/12/2020;25,6;P
30/12/2020;13,4;P
31/12/2020;7,4;P
01/01/2021;33,6;P
02/01/2021;23,6;P
03/01/2021;11,2;P
04/01/2021;0,0;P
05/01/2021;0,0;P
06/01/2021;0,0;P
07/01/2021;0,0;P
08/01/2021;0,0;P
09/01/2021;0,0;P
10/01/2021;0,0;P
11/01/2021;0,0;P
12/01/2021;0,2;P
13/01/2021;0,0;P
14/01/2021;0,0;P
15/01/2021;0,0;P
16/01/2021;0,0;P
17/01/2021;0,0;P
18/01/2021;0,4;P
19/01/2021;0,2;P
20/01/2021;3,4;P
21/01/2021;1,0;P
22/01/2021;6,8;P
23/01/2021;37,2;P
24/01/2021;26,0;P
25/01/2021;11,2;P
26/01/2021;0,8;P
27/01/2021;0,0;P
28/01/2021;0,0;P
29/01/2021;4,6;P
30/01/2021;3,4;P
31/01/2021;38,0;P
01/02/2021;1,6;P
02/02/2021;7,8;P
03/02/2021;2,0;P
04/02/2021;0,8;P
05/02/2021;0,0;P
06/02/2021;0,0;P
07/02/2021;2,8;P
08/02/2021;8,2;P
09/02/2021;39,2;P
10/02/2021;9,4;P
11/02/2021;0,0;P
12/02/2021;2,6;P
13/02/2021;2,4;P
14/02/2021;0,0;P
15/02/2021;0,0;P
16/02/2021;0,0;P
17/02/2021;8,4;P
18/02/2021;0,0;P
19/02/2021;0,0;P
20/02/2021;0,0;P
21/02/2021;0,2;P
22/02/2021;0,2;P
23/02/2021;0,0;P
24/02/2021;0,0;P
25/02/2021;0,4;P
26/02/2021;0,0;P
27/02/2021;0,0;P
28/02/2021;0,0;P
01/03/2021;0,0;P
02/03/2021;0,0;P
03/03/2021;0,0;P
04/03/2021;0,0;P
05/03/2021;0,0;P
06/03/2021;0,8;P
07/03/2021;0,0;P
08/03/2021;0,0;P
09/03/2021;0,0;P
10/03/2021;0,0;P
11/03/2021;0,0;P
12/03/2021;0,0;P
13/03/2021;0,0;P
14/03/2021;0,4;P
15/03/2021;0,6;P
16/03/2021;0,0;P
17/03/2021;0,2;P
18/03/2021;0,0;P
19/03/2021;0,0;P
20/03/2021;0,0;P
21/03/2021;0,0;P
22/03/2021;0,0;P
23/03/2021;0,0;P
24/03/2021;0,0;P
25/03/2021;0,0;P
26/03/2021;0,0;P
27/03/2021;0,2;P
28/03/2021;0,0;P
29/03/2021;0,0;P
30/03/2021;0,0;P
31/03/2021;0,0;P
01/04/2021;0,0;P
02/04/2021;0,0;P
03/04/2021;0,0;P
04/04/2021;0,0;P
05/04/2021;0,0;P
06/04/2021;0,0;P
07/04/2021;3,4;P
08/04/2021;0,0;P
09/04/2021;0,4;P
10/04/2021;0,0;P
11/04/2021;29,2;P
12/04/2021;12,8;P
13/04/2021;9,8;P
14/04/2021;0,0;P
15/04/2021;0,0;P
16/04/2021;0,0;P
17/04/2021;0,0;P
18/04/2021;0,0;P
19/04/2021;0,0;P
20/04/2021;0,0;P
21/04/2021;0,0;P
22/04/2021;4,4;P
23/04/2021;0,0;P
24/04/2021;0,0;P
25/04/2021;0,0;P
26/04/2021;0,0;P
27/04/2021;5,8;P
28/04/2021;0,8;P
29/04/2021;4,6;P
30/04/2021;4,0;P
01/05/2021;1,6;P
02/05/2021;9,4;P
03/05/2021;0,0;P
04/05/2021;0,0;P
05/05/2021;0,0;P
06/05/2021;0,0;P
07/05/2021;0,0;P
08/05/2021;0,0;P
09/05/2021;0,0;P
10/05/2021;0,0;P
11/05/2021;6,2;P
12/05/2021;21,0;P
13/05/2021;9,2;P
14/05/2021;4,0;P
15/05/2021;11,4;P
16/05/2021;6,2;P
17/05/2021;4,8;P
18/05/2021;0,0;P
19/05/2021;1,8;P
20/05/2021;8,0;P
21/05/2021;0,0;P
22/05/2021;1,6;P
23/05/2021;0,0;P
24/05/2021;11,0;P
25/05/2021;7,6;P
26/05/2021;0,0;P
27/05/2021;0,0;P
28/05/2021;0,0;P
29/05/2021;0,0;P
30/05/2021;0,0;P
31/05/2021;0,0;P
01/06/2021;0,0;P
02/06/2021;0,0;P
03/06/2021;0,0;P
04/06/2021;0,0;P
05/06/2021;0,0;P
06/06/2021;0,0;P
07/06/2021;0,0;P
08/06/2021;0,2;P
09/06/2021;0,0;P
10/06/2021;4,6;P
11/06/2021;0,4;P
12/06/2021;0,0;P
13/06/2021;0,0;P
14/06/2021;0,0;P
15/06/2021;0,0;P
16/06/2021;0,0;P
17/06/2021;0,0;P
18/06/2021;0,0;P
19/06/2021;0,0;P
20/06/2021;0,0;P
21/06/2021;0,0;P
22/06/2021;0,0;P
23/06/2021;0,0;P
24/06/2021;0,0;P
25/06/2021;0,0;P
26/06/2021;0,0;P
27/06/2021;0,0;P
28/06/2021;0,0;P
29/06/2021;0,0;P
30/06/2021;0,0;P
01/07/2021;0,0;P
02/07/2021;0,0;P
03/07/2021;0,0;P
04/07/2021;0,0;P
05/07/2021;0,0;P
06/07/2021;0,0;P
07/07/2021;0,0;P
08/07/2021;0,0;P
09/07/2021;0,4;P
10/07/2021;0,0;P
11/07/2021;0,0;P
12/07/2021;0,0;P
13/07/2021;0,0;P
14/07/2021;9,2;P
15/07/2021;0,0;P
16/07/2021;0,0;P
17/07/2021;38,6;P
18/07/2021;0,2;P
19/07/2021;0,0;P
20/07/2021;0,0;P
21/07/2021;0,0;P
22/07/2021;0,0;P
23/07/2021;0,0;P
24/07/2021;0,0;P
25/07/2021;0,0;P
26/07/2021;0,6;P
27/07/2021;0,2;P
28/07/2021;0,0;P
29/07/2021;0,0;P
30/07/2021;0,0;P
31/07/2021;0,0;P
01/08/2021;0,2;P
02/08/2021;0,0;P
03/08/2021;0,0;P
04/08/2021;0,0;P
05/08/2021;7,8;P
06/08/2021;0,2;P
07/08/2021;0,0;P
08/08/2021;0,0;P
09/08/2021;0,0;P
10/08/2021;0,0;P
11/08/2021;0,0;P
12/08/2021;0,0;P
13/08/2021;0,0;P
14/08/2021;0,0;P
15/08/2021;0,0;P
16/08/2021;0,0;P
17/08/2021;0,0;P
18/08/2021;0,0;P
19/08/2021;0,0;P
20/08/2021;0,0;P
21/08/2021;0,0;P
22/08/2021;0,0;P
23/08/2021;0,0;P
24/08/2021;0,0;P
25/08/2021;0,0;P
26/08/2021;0,0;P
27/08/2021;0,0;P
28/08/2021;4,6;P
29/08/2021;0,0;P
30/08/2021;0,0;P
31/08/2021;0,0;P
01/09/2021;0,0;P
02/09/2021;0,0;P
03/09/2021;0,0;P
04/09/2021;0,2;P
05/09/2021;1,8;P
06/09/2021;0,0;P
07/09/2021;0,0;P
08/09/2021;0,0;P
09/09/2021;0,0;P
10/09/2021;0,0;P
11/09/2021;0,0;P
12/09/2021;0,0;P
13/09/2021;0,0;P
14/09/2021;0,0;P
15/09/2021;0,0;P
16/09/2021;0,2;P
17/09/2021;16,2;P
18/09/2021;3,8;P
19/09/2021;5,2;P
20/09/2021;6,4;P
21/09/2021;0,2;P
22/09/2021;0,0;P
23/09/2021;0,0;P
24/09/2021;0,0;P
25/09/2021;0,0;P
26/09/2021;0,0;P
27/09/2021;19,4;P
28/09/2021;0,2;P
29/09/2021;0,0;P
30/09/2021;0,0;P
01/10/2021;0,2;P
02/10/2021;0,0;P
03/10/2021;0,0;P
04/10/2021;0,4;P
05/10/2021;57,2;P
06/10/2021;37,2;P
07/10/2021;0,4;P
08/10/2021;0,0;P
09/10/2021;0,0;P
10/10/2021;0,0;P
11/10/2021;0,0;P
12/10/2021;0,0;P
13/10/2021;0,0;P
14/10/2021;0,0;P
15/10/2021;0,0;P
16/10/2021;0,0;P
17/10/2021;0,0;P
18/10/2021;0,0;P
19/10/2021;0,0;P
20/10/2021;0,2;P
21/10/2021;4,0;P
22/10/2021;2,6;P
23/10/2021;0,2;P
24/10/2021;0,0;P
25/10/2021;0,0;P
26/10/2021;0,0;P
27/10/2021;0,0;P
28/10/2021;0,0;P
29/10/2021;0,0;P
30/10/2021;0,0;P
31/10/2021;0,0;P
01/11/2021;3,0;P
02/11/2021;27,2;P
03/11/2021;0,0;P
04/11/2021;16,2;P
05/11/2021;0,2;P
06/11/2021;0,0;P
07/11/2021;0,0;P
08/11/2021;0,4;P
09/11/2021;0,4;P
10/11/2021;0,2;P
11/11/2021;2,0;P
12/11/2021;0,2;P
13/11/2021;0,0;P
14/11/2021;96,8;P
15/11/2021;4,0;P
16/11/2021;1,2;P
17/11/2021;10,8;P
18/11/2021;0,2;P
19/11/2021;0,2;P
20/11/2021;0,2;P
21/11/2021;0,0;P
22/11/2021;4,2;P
23/11/2021;0,0;P
24/11/2021;0,0;P
25/11/2021;2,4;P
26/11/2021;13,4;P
27/11/2021;8,2;P
28/11/2021;5,6;P
29/11/2021;1,6;P
30/11/2021;0,0;P
01/12/2021;0,8;P
02/12/2021;29,2;P
03/12/2021;18,2;P
04/12/2021;0,2;P
05/12/2021;32,0;P
06/12/2021;0,2;P
07/12/2021;0,0;P
08/12/2021;0,8;P
09/12/2021;34,6;P
10/12/2021;0,6;P
11/12/2021;10,6;P
12/12/2021;0,2;P
13/12/2021;0,0;P
14/12/2021;0,2;P
15/12/2021;0,2;P
16/12/2021;0,0;P
17/12/2021;0,2;P
18/12/2021;0,2;P
19/12/2021;0,0;P
20/12/2021;0,2;P
21/12/2021;0,0;P
22/12/2021;0,2;P
23/12/2021;0,0;P
24/12/2021;8,8;P
25/12/2021;28,2;P
26/12/2021;36,2;P
27/12/2021;22,6;P
28/12/2021;13,8;P
29/12/2021;3,0;P
30/12/2021;0,0;P
31/12/2021;0,2;P
01/01/2022;1,0;P
02/01/2022;0,0;P
03/01/2022;0,2;P
04/01/2022;0,2;P
05/01/2022;3,6;P
06/01/2022;29,6;P
07/01/2022;0,0;P
08/01/2022;0,0;P
09/01/2022;2,8;P
10/01/2022;1,6;P
11/01/2022;0,0;P
12/01/2022;0,0;P
13/01/2022;0,0;P
14/01/2022;0,0;P
15/01/2022;0,0;P
16/01/2022;0,0;P
17/01/2022;0,2;P
18/01/2022;0,0;P
19/01/2022;0,2;P
20/01/2022;9,6;P
21/01/2022;0,6;P
22/01/2022;0,0;P
23/01/2022;0,0;P
24/01/2022;0,2;P
25/01/2022;0,2;P
26/01/2022;0,0;P
27/01/2022;0,0;P
28/01/2022;0,0;P
29/01/2022;0,2;P
30/01/2022;0,0;P
31/01/2022;0,0;P
01/02/2022;0,2;P
02/02/2022;0,0;P
03/02/2022;0,4;P
04/02/2022;0,0;P
05/02/2022;1,4;P
06/02/2022;0,0;P
07/02/2022;0,4;P
08/02/2022;0,0;P
09/02/2022;0,0;P
10/02/2022;0,2;P
11/02/2022;0,0;P
12/02/2022;0,0;P
13/02/2022;0,0;P
14/02/2022;4,6;P
15/02/2022;23,0;P
16/02/2022;3,6;P
17/02/2022;0,6;P
18/02/2022;0,2;P
19/02/2022;0,0;P
20/02/2022;0,0;P
21/02/2022;0,0;P
22/02/2022;3,0;P
23/02/2022;0,0;P
24/02/2022;0,2;P
25/02/2022;3,2;P
26/02/2022;10,0;P
27/02/2022;0,0;P
28/02/2022;0,0;P
01/03/2022;0,0;P
02/03/2022;0,0;P
03/03/2022;0,0;P
04/03/2022;0,0;P
05/03/2022;0,0;P
06/03/2022;0,0;P
07/03/2022;0,0;P
08/03/2022;0,0;P
09/03/2022;0,0;P
10/03/2022;0,0;P
11/03/2022;0,0;P
12/03/2022;0,0;P
13/03/2022;0,0;P
14/03/2022;0,0;P
15/03/2022;0,0;P
16/03/2022;0,0;P
17/03/2022;0,0;P
18/03/2022;0,0;P
19/03/2022;0,0;P
20/03/2022;0,0;P
21/03/2022;0,0;P
22/03/2022;0,0;P
23/03/2022;0,0;P
24/03/2022;0,0;P
25/03/2022;0,0;P
26/03/2022;0,0;P
27/03/2022;0,0;P
28/03/2022;0,0;P
29/03/2022;0,0;P
30/03/2022;2,8;P
31/03/2022;71,4;P
01/04/2022;17,0;P
02/04/2022;9,6;P
03/04/2022;0,2;P
04/04/2022;0,0;P
05/04/2022;0,0;P
06/04/2022;0,0;P
07/04/2022;0,2;P
08/04/2022;0,4;P
09/04/2022;0,0;P
10/04/2022;3,8;P
11/04/2022;0,0;P
12/04/2022;0,0;P
13/04/2022;0,0;P
14/04/2022;0,0;P
15/04/2022;0,0;P
16/04/2022;0,0;P
17/04/2022;0,0;P
18/04/2022;0,0;P
19/04/2022;0,0;P
20/04/2022;0,0;P
21/04/2022;5,4;P
22/04/2022;22,2;P
23/04/2022;0,2;P
24/04/2022;19,8;P
25/04/2022;12,6;P
26/04/2022;0,0;P
27/04/2022;0,0;P
28/04/2022;0,0;P
29/04/2022;0,0;P
30/04/2022;0,0;P
01/05/2022;0,0;P
02/05/2022;4,8;P
03/05/2022;0,0;P
04/05/2022;0,0;P
05/05/2022;0,0;P
06/05/2022;19,2;P
07/05/2022;3,0;P
08/05/2022;0,0;P
09/05/2022;0,0;P
10/05/2022;0,0;P
11/05/2022;0,0;P
12/05/2022;0,0;P
13/05/2022;0,0;P
14/05/2022;0,0;P
15/05/2022;0,0;P
16/05/2022;0,0;P
17/05/2022;0,0;P
18/05/2022;0,0;P
19/05/2022;0,0;P
20/05/2022;0,0;P
21/05/2022;0,0;P
22/05/2022;0,0;P
23/05/2022;0,0;P
24/05/2022;0,0;P
25/05/2022;0,0;P
26/05/2022;0,0;P
27/05/2022;0,0;P
28/05/2022;0,0;P
29/05/2022;1,0;P
30/05/2022;0,0;P
31/05/2022;0,0;P
01/06/2022;0,0;P
02/06/2022;0,0;P
03/06/2022;0,0;P
04/06/2022;0,0;P
05/06/2022;0,0;P
06/06/2022;0,0;P
07/06/2022;0,0;P
08/06/2022;0,0;P
09/06/2022;0,4;P
10/06/2022;0,0;P
11/06/2022;0,0;P
12/06/2022;0,0;P
13/06/2022;0,0;P
14/06/2022;0,0;P
15/06/2022;0,0;P
16/06/2022;0,0;P
17/06/2022;0,0;P
18/06/2022;0,0;P
19/06/2022;0,0;P
20/06/2022;0,0;P
21/06/2022;0,0;P
22/06/2022;0,0;P
23/06/2022;0,0;P
24/06/2022;0,6;P
25/06/2022;0,0;P
26/06/2022;0,0;P
27/06/2022;0,0;P
28/06/2022;0,0;P
29/06/2022;10,2;P
30/06/2022;0,0;P
01/07/2022;0,0;P
02/07/2022;0,0;P
03/07/2022;0,0;P
04/07/2022;0,0;P
05/07/2022;0,0;P
06/07/2022;0,0;P
07/07/2022;0,0;P
08/07/2022;0,0;P
09/07/2022;0,0;P
10/07/2022;0,0;P
11/07/2022;0,0;P
12/07/2022;0,0;P
13/07/2022;0,0;P
14/07/2022;0,0;P
15/07/2022;0,0;P
16/07/2022;0,0;P
17/07/2022;0,0;P
18/07/2022;0,0;P
19/07/2022;0,0;P
20/07/2022;0,0;P
21/07/2022;0,0;P
22/07/2022;0,0;P
23/07/2022;0,0;P
24/07/2022;0,0;P
25/07/2022;0,0;P
26/07/2022;0,0;P
27/07/2022;0,0;P
28/07/2022;0,0;P
29/07/2022;0,0;P
30/07/2022;0,0;P
31/07/2022;0,0;P
01/08/2022;0,0;P
02/08/2022;0,0;P
03/08/2022;0,0;P
04/08/2022;0,0;P
05/08/2022;0,0;P
06/08/2022;0,0;P
07/08/2022;0,0;P
08/08/2022;0,2;P
09/08/2022;0,0;P
10/08/2022;0,0;P
11/08/2022;0,0;P
12/08/2022;0,4;P
13/08/2022;2,0;P
14/08/2022;0,0;P
15/08/2022;0,0;P
16/08/2022;56,4;P
17/08/2022;0,0;P
18/08/2022;0,0;P
19/08/2022;17,0;P
20/08/2022;4,2;P
21/08/2022;0,0;P
22/08/2022;0,0;P
23/08/2022;0,0;P
24/08/2022;0,0;P
25/08/2022;0,0;P
26/08/2022;0,0;P
27/08/2022;0,0;P
28/08/2022;0,0;P
29/08/2022;0,2;P
30/08/2022;0,0;P
31/08/2022;0,0;P
01/09/2022;0,0;P
02/09/2022;8,2;P
03/09/2022;1,2;P
04/09/2022;5,0;P
05/09/2022;0,0;P
06/09/2022;0,0;P
07/09/2022;0,0;P
08/09/2022;1,2;P
09/09/2022;1,8;P
10/09/2022;0,0;P
11/09/2022;0,0;P
12/09/2022;0,0;P
13/09/2022;0,0;P
14/09/2022;0,0;P
15/09/2022;3,4;P
16/09/2022;1,0;P
17/09/2022;1,6;P
18/09/2022;14,2;P
19/09/2022;0,0;P
20/09/2022;0,0;P
21/09/2022;0,0;P
22/09/2022;0,0;P
23/09/2022;0,0;P
24/09/2022;0,0;P
25/09/2022;13,4;P
26/09/2022;0,0;P
27/09/2022;0,4;P
28/09/2022;0,4;P
29/09/2022;10,4;P
30/09/2022;23,4;P
01/10/2022;14,6;P
02/10/2022;0,2;P
03/10/2022;0,0;P
04/10/2022;0,2;P
05/10/2022;0,0;P
06/10/2022;0,2;P
07/10/2022;0,0;P
08/10/2022;0,0;P
09/10/2022;0,0;P
10/10/2022;4,6;P
11/10/2022;0,0;P
12/10/2022;0,0;P
13/10/2022;0,0;P
14/10/2022;0,0;P
15/10/2022;0,0;P
16/10/2022;0,0;P
17/10/2022;0,0;P
18/10/2022;0,0;P
19/10/2022;0,2;P
20/10/2022;0,0;P
21/10/2022;0,0;P
22/10/2022;0,0;P
23/10/2022;0,0;P
24/10/2022;0,0;P
25/10/2022;0,0;P
26/10/2022;0,0;P
27/10/2022;0,0;P
28/10/2022;0,2;P
29/10/2022;0,0;P
30/10/2022;0,0;P
31/10/2022;0,0;P
01/11/2022;0,2;P
02/11/2022;0,0;P
03/11/2022;23,8;P
04/11/2022;14,0;P
05/11/2022;1,8;P
06/11/2022;0,2;P
07/11/2022;0,0;P
08/11/2022;0,0;P
09/11/2022;0,0;P
10/11/2022;11,4;P
11/11/2022;3,6;P
12/11/2022;0,2;P
13/11/2022;0,0;P
14/11/2022;0,0;P
15/11/2022;0,0;P
16/11/2022;18,0;P
17/11/2022;2,6;P
18/11/2022;5,6;P
19/11/2022;0,0;P
20/11/2022;6,8;P
21/11/2022;0,2;P
22/11/2022;30,6;P
23/11/2022;10,4;P
24/11/2022;0,0;P
25/11/2022;0,2;P
26/11/2022;14,8;P
27/11/2022;0,0;P
28/11/2022;0,2;P
29/11/2022;0,0;P
30/11/2022;0,8;P
01/12/2022;0,2;P
02/12/2022;0,0;P
03/12/2022;7,6;P
04/12/2022;14,0;P
05/12/2022;16,6;P
06/12/2022;10,2;P
07/12/2022;0,2;P
08/12/2022;0,0;P
09/12/2022;41,4;P
10/12/2022;10,8;P
11/12/2022;10,8;P
12/12/2022;1,2;P
13/12/2022;0,6;P
14/12/2022;0,4;P
15/12/2022;5,2;P
16/12/2022;66,2;P
17/12/2022;12,6;P
18/12/2022;0,2;P
19/12/2022;0,0;P
20/12/2022;0,8;P
21/12/2022;0,2;P
22/12/2022;1,2;P
23/12/2022;2,0;P
24/12/2022;3,6;P
25/12/2022;0,4;P
26/12/2022;0,2;P
27/12/2022;0,0;P
28/12/2022;0,2;P
29/12/2022;8,0;P
30/12/2022;0,0;P
31/12/2022;8,0;P
01/01/2023;0,6;P
02/01/2023;0,0;P
03/01/2023;0,0;P
04/01/2023;0,0;P
05/01/2023;0,2;P
06/01/2023;0,0;P
07/01/2023;0,0;P
08/01/2023;2,4;P
09/01/2023;40,4;P
10/01/2023;2,2;P
11/01/2023;0,2;P
12/01/2023;7,4;P
13/01/2023;0,2;P
14/01/2023;0,4;P
15/01/2023;1,8;P
16/01/2023;1,8;P
17/01/2023;27,0;P
18/01/2023;19,4;P
19/01/2023;35,0;P
20/01/2023;3,2;P
21/01/2023;0,2;P
22/01/2023;0,0;P
23/01/2023;0,0;P
24/01/2023;4,0;P
25/01/2023;0,0;P
26/01/2023;0,0;P
27/01/2023;0,0;P
28/01/2023;0,2;P
29/01/2023;0,0;P
30/01/2023;0,0;P
31/01/2023;0,0;P
01/02/2023;0,0;P
02/02/2023;0,0;P
03/02/2023;0,0;P
04/02/2023;0,0;P
05/02/2023;0,2;P
06/02/2023;0,0;P
07/02/2023;0,0;P
08/02/2023;0,0;P
09/02/2023;0,0;P
10/02/2023;0,0;P
11/02/2023;0,0;P
12/02/2023;0,0;P
13/02/2023;0,2;P
14/02/2023;0,0;P
15/02/2023;0,2;P
16/02/2023;0,2;P
17/02/2023;0,0;P
18/02/2023;0,0;P
19/02/2023;0,0;P
20/02/2023;0,0;P
21/02/2023;0,0;P
22/02/2023;0,4;P
23/02/2023;0,0;P
24/02/2023;0,0;P
25/02/2023;0,2;P
26/02/2023;19,2;P
27/02/2023;9,2;P
28/02/2023;0,0;P
01/03/2023;5,0;P
02/03/2023;20,2;P
03/03/2023;0,0;P
04/03/2023;0,0;P
05/03/2023;0,0;P
06/03/2023;23,0;P
07/03/2023;22,0;P
08/03/2023;16,8;P
09/03/2023;2,0;P
10/03/2023;3,2;P
11/03/2023;0,2;P
12/03/2023;0,0;P
13/03/2023;0,2;P
14/03/2023;0,4;P
15/03/2023;3,2;P
16/03/2023;0,0;P
17/03/2023;0,0;P
18/03/2023;0,0;P
19/03/2023;0,0;P
20/03/2023;10,4;P
21/03/2023;1,0;P
22/03/2023;0,0;P
23/03/2023;0,0;P
24/03/2023;0,0;P
25/03/2023;0,4;P
26/03/2023;0,0;P
27/03/2023;4,2;P
28/03/2023;0,0;P
29/03/2023;0,0;P
30/03/2023;0,2;P
31/03/2023;0,0;P
01/04/2023;1,6;P
02/04/2023;0,0;P
03/04/2023;0,0;P
04/04/2023;0,0;P
05/04/2023;0,0;P
06/04/2023;0,0;P
07/04/2023;0,0;P
08/04/2023;26,0;P
09/04/2023;0,4;P
10/04/2023;0,0;P
11/04/2023;0,0;P
12/04/2023;0,8;P
13/04/2023;1,2;P
14/04/2023;0,6;P
15/04/2023;40,2;P
16/04/2023;0,2;P
17/04/2023;0,0;P
18/04/2023;0,0;P
19/04/2023;0,0;P
20/04/2023;0,0;P
21/04/2023;0,0;P
22/04/2023;0,0;P
23/04/2023;0,0;P
24/04/2023;0,0;P
25/04/2023;0,6;P
26/04/2023;3,0;P
27/04/2023;0,0;P
28/04/2023;0,0;P
29/04/2023;0,0;P
30/04/2023;0,2;P
01/05/2023;0,0;P
02/05/2023;7,0;P
03/05/2023;1,2;P
04/05/2023;0,0;P
05/05/2023;0,0;P
06/05/2023;0,0;P
07/05/2023;0,0;P
08/05/2023;0,0;P
09/05/2023;0,0;P
10/05/2023;29,8;P
11/05/2023;35,4;P
12/05/2023;16,8;P
13/05/2023;5,0;P
14/05/2023;0,8;P
15/05/2023;0,0;P
16/05/2023;1,2;P
17/05/2023;5,2;P
18/05/2023;0,0;P
19/05/2023;10,0;P
20/05/2023;3,6;P
21/05/2023;0,4;P
22/05/2023;0,0;P
23/05/2023;28,0;P
24/05/2023;0,0;P
25/05/2023;0,0;P
26/05/2023;0,0;P
27/05/2023;0,0;P
28/05/2023;0,0;P
29/05/2023;0,0;P
30/05/2023;0,0;P
31/05/2023;0,0;P
01/06/2023;0,0;P
02/06/2023;3,6;P
03/06/2023;0,0;P
04/06/2023;0,0;P
05/06/2023;10,0;P
06/06/2023;9,0;P
07/06/2023;0,6;P
08/06/2023;0,0;P
09/06/2023;0,0;P
10/06/2023;0,8;P
11/06/2023;0,2;P
12/06/2023;0,0;P
13/06/2023;0,0;P
14/06/2023;2,4;P
15/06/2023;10,0;P
16/06/2023;0,0;P
17/06/2023;0,0;P
18/06/2023;0,0;P
19/06/2023;0,0;P
20/06/2023;0,0;P
21/06/2023;0,0;P
22/06/2023;0,0;P
23/06/2023;0,0;P
24/06/2023;0,4;P
25/06/2023;0,0;P
26/06/2023;0,0;P
27/06/2023;0,0;P
28/06/2023;0,0;P
29/06/2023;0,0;P
30/06/2023;1,4;P
01/07/2023;14,8;P
02/07/2023;0,0;P
03/07/2023;0,0;P
04/07/2023;0,0;P
05/07/2023;0,0;P
06/07/2023;0,0;P
07/07/2023;0,0;P
08/07/2023;0,0;P
09/07/2023;0,0;P
10/07/2023;0,0;P
11/07/2023;0,0;P
12/07/2023;0,0;P
13/07/2023;0,0;P
14/07/2023;0,0;P
15/07/2023;0,0;P
16/07/2023;0,0;P
17/07/2023;0,0;P
18/07/2023;0,0;P
19/07/2023;0,0;P
20/07/2023;0,0;P
21/07/2023;0,0;P
22/07/2023;0,0;P
23/07/2023;0,0;P
24/07/2023;0,0;P
25/07/2023;12,8;P
26/07/2023;0,0;P
27/07/2023;0,0;P
28/07/2023;0,0;P
29/07/2023;0,0;P
30/07/2023;0,0;P
31/07/2023;0,0;P
01/08/2023;0,0;P
02/08/2023;0,0;P
03/08/2023;0,2;P
04/08/2023;0,0;P
05/08/2023;7,6;P
06/08/2023;0,0;P
07/08/2023;0,0;P
08/08/2023;0,0;P
09/08/2023;0,0;P
10/08/2023;0,0;P
11/08/2023;0,0;P
12/08/2023;0,0;P
13/08/2023;0,0;P
14/08/2023;0,0;P
15/08/2023;0,0;P
16/08/2023;0,0;P
17/08/2023;0,0;P
18/08/2023;0,0;P
19/08/2023;0,0;P
20/08/2023;0,0;P
21/08/2023;0,0;P
22/08/2023;0,0;P
23/08/2023;0,0;P
24/08/2023;0,0;P
25/08/2023;0,0;P
26/08/2023;0,0;P
27/08/2023;0,0;P
28/08/2023;15,6;P
29/08/2023;24,4;P
30/08/2023;9,4;P
31/08/2023;1,0;P
01/09/2023;0,0;P
02/09/2023;0,0;P
03/09/2023;0,0;P
04/09/2023;0,0;P
05/09/2023;0,0;P
06/09/2023;0,0;P
07/09/2023;0,0;P
08/09/2023;0,0;P
09/09/2023;0,0;P
10/09/2023;0,0;P
11/09/2023;0,0;P
12/09/2023;0,0;P
13/09/2023;0,8;P
14/09/2023;0,0;P
15/09/2023;0,0;P
16/09/2023;1,4;P
17/09/2023;0,0;P
18/09/2023;0,0;P
19/09/2023;0,6;P
20/09/2023;0,0;P
21/09/2023;1,6;P
22/09/2023;0,0;P
23/09/2023;14,0;P
24/09/2023;0,0;P
25/09/2023;0,0;P
26/09/2023;0,0;P
27/09/2023;0,0;P
28/09/2023;0,0;P
29/09/2023;0,0;P
30/09/2023;0,0;P
01/10/2023;0,0;P
02/10/2023;0,0;P
03/10/2023;0,0;P
04/10/2023;0,0;P
05/10/2023;0,0;P
06/10/2023;0,0;P
07/10/2023;0,0;P
08/10/2023;0,0;P
09/10/2023;0,0;P
10/10/2023;0,0;P
11/10/2023;0,0;P
12/10/2023;0,0;P
13/10/2023;0,0;P
14/10/2023;0,0;P
15/10/2023;0,4;P
16/10/2023;0,0;P
17/10/2023;0,0;P
18/10/2023;7,6;P
19/10/2023;51,2;P
20/10/2023;0,0;P
21/10/2023;30,8;P
22/10/2023;18,8;P
23/10/2023;0,0;P
24/10/2023;8,4;P
25/10/2023;32,2;P
26/10/2023;79,2;P
27/10/2023;21,8;P
28/10/2023;0,2;P
29/10/2023;1,0;P
30/10/2023;28,2;P
31/10/2023;23,0;P
01/11/2023;0,2;P
02/11/2023;9,2;P
03/11/2023;43,4;P
04/11/2023;6,6;P
05/11/2023;26,6;P
06/11/2023;0,6;P
07/11/2023;7,8;P
08/11/2023;2,6;P
09/11/2023;1,0;P
10/11/2023;20,4;P
11/11/2023;15,8;P
12/11/2023;0,2;P
13/11/2023;0,2;P
14/11/2023;2,0;P
15/11/2023;0,0;P
16/11/2023;0,2;P
17/11/2023;12,4;P
18/11/2023;0,2;P
19/11/2023;0,2;P
20/11/2023;1,6;P
21/11/2023;0,2;P
22/11/2023;0,0;P
23/11/2023;0,0;P
24/11/2023;0,0;P
25/11/2023;0,2;P
26/11/2023;0,0;P
27/11/2023;0,4;P
28/11/2023;10,4;P
29/11/2023;0,2;P
30/11/2023;19,2;P
01/12/2023;13,2;P
02/12/2023;8,4;P
03/12/2023;1,8;P
04/12/2023;0,2;P
05/12/2023;26,4;P
06/12/2023;1,6;P
07/12/2023;0,2;P
08/12/2023;0,2;P
09/12/2023;0,6;P
10/12/2023;12,8;P
11/12/2023;2,4;P
12/12/2023;12,6;P
13/12/2023;1,4;P
14/12/2023;1,0;P
15/12/2023;0,4;P
16/12/2023;0,0;P
17/12/2023;0,0;P
18/12/2023;0,2;P
19/12/2023;0,2;P
20/12/2023;0,0;P
21/12/2023;0,0;P
22/12/2023;0,2;P
23/12/2023;0,0;P
24/12/2023;0,0;P
25/12/2023;0,0;P
26/12/2023;0,0;P
27/12/2023;0,6;P
28/12/2023;0,0;P
29/12/2023;0,0;P
30/12/2023;3,6;P
31/12/2023;1,2;P
01/01/2024;0,2;P
02/01/2024;0,0;P
03/01/2024;7,2;P
04/01/2024;0,0;P
05/01/2024;0,0;P
06/01/2024;16,6;P
07/01/2024;9,8;P
08/01/2024;9,6;P
09/01/2024;0,2;P
10/01/2024;0,0;P
11/01/2024;0,0;P
12/01/2024;0,0;P
13/01/2024;0,2;P
14/01/2024;0,0;P
15/01/2024;0,8;P
16/01/2024;0,0;P
17/01/2024;1,4;P
18/01/2024;13,6;P
19/01/2024;0,2;P
20/01/2024;0,0;P
21/01/2024;0,0;P
22/01/2024;0,0;P
23/01/2024;10,6;P
24/01/2024;0,2;P
25/01/2024;0,0;P
26/01/2024;0,0;P
27/01/2024;0,0;P
28/01/2024;0,2;P
29/01/2024;0,0;P
30/01/2024;0,2;P
31/01/2024;0,0;P
01/02/2024;0,0;P
02/02/2024;0,0;P
03/02/2024;0,2;P
04/02/2024;0,0;P
05/02/2024;0,0;P
06/02/2024;0,0;P
07/02/2024;0,0;P
08/02/2024;1,4;P
09/02/2024;0,8;P
10/02/2024;28,8;P
11/02/2024;37,4;P
12/02/2024;0,8;P
13/02/2024;0,2;P
14/02/2024;0,0;P
15/02/2024;0,2;P
16/02/2024;0,0;P
17/02/2024;0,0;P
18/02/2024;0,2;P
19/02/2024;0,0;P
20/02/2024;0,0;P
21/02/2024;0,2;P
22/02/2024;0,0;P
23/02/2024;0,8;P
24/02/2024;22,8;P
25/02/2024;6,0;P
26/02/2024;1,0;P
27/02/2024;61,2;P
28/02/2024;16,8;P
29/02/2024;0,2;P
01/03/2024;1,8;P
02/03/2024;14,6;P
03/03/2024;1,4;P
04/03/2024;19,4;P
05/03/2024;0,2;P
06/03/2024;0,4;P
07/03/2024;0,2;P
08/03/2024;0,0;P
09/03/2024;17,2;P
10/03/2024;4,4;P
11/03/2024;24,6;P
12/03/2024;0,2;P
13/03/2024;0,0;P
14/03/2024;0,0;P
15/03/2024;0,0;P
16/03/2024;3,6;P
17/03/2024;0,2;P
18/03/2024;0,8;P
19/03/2024;3,2;P
20/03/2024;0,0;P
21/03/2024;0,0;P
22/03/2024;0,2;P
23/03/2024;0,0;P
24/03/2024;0,0;P
25/03/2024;1,4;P
26/03/2024;0,2;P
27/03/2024;13,2;P
28/03/2024;23,4;P
29/03/2024;2,8;P
30/03/2024;0,0;P
31/03/2024;0,2;P
01/04/2024;9,4;P
02/04/2024;4,2;P
03/04/2024;0,4;P
04/04/2024;0,0;P
05/04/2024;0,0;P
06/04/2024;0,0;P
07/04/2024;0,0;P
08/04/2024;0,0;P
09/04/2024;0,0;P
10/04/2024;8,4;P
11/04/2024;1,2;P
12/04/2024;0,0;P
13/04/2024;0,0;P
14/04/2024;0,0;P
15/04/2024;0,0;P
16/04/2024;0,0;P
17/04/2024;0,0;P
18/04/2024;1,2;P
19/04/2024;3,6;P
20/04/2024;4,2;P
21/04/2024;1,0;P
22/04/2024;7,6;P
23/04/2024;6,0;P
24/04/2024;2,2;P
25/04/2024;0,2;P
26/04/2024;0,0;P
27/04/2024;1,2;P
28/04/2024;0,6;P
29/04/2024;0,0;P
30/04/2024;0,0;P
01/05/2024;1,6;P
02/05/2024;25,8;P
03/05/2024;13,6;P
04/05/2024;0,0;P
05/05/2024;0,0;P
06/05/2024;0,0;P
07/05/2024;3,2;P
08/05/2024;12,8;P
09/05/2024;0,0;P
10/05/2024;0,0;P
11/05/2024;0,0;P
12/05/2024;0,0;P
13/05/2024;0,0;P
14/05/2024;0,0;P
15/05/2024;1,0;P
16/05/2024;0,4;P
17/05/2024;0,0;P
18/05/2024;0,0;P
19/05/2024;0,0;P
20/05/2024;0,8;P
21/05/2024;26,6;P
22/05/2024;0,2;P
23/05/2024;0,2;P
24/05/2024;0,0;P
25/05/2024;0,2;P
26/05/2024;0,0;P
27/05/2024;0,0;P
28/05/2024;0,0;P
29/05/2024;0,0;P
30/05/2024;0,0;P
31/05/2024;8,4;P
01/06/2024;0,6;P
02/06/2024;0,0;P
03/06/2024;0,6;P
04/06/2024;0,4;P
05/06/2024;0,0;P
06/06/2024;0,0;P
07/06/2024;0,0;P
08/06/2024;0,0;P
09/06/2024;0,0;P
10/06/2024;3,2;P
11/06/2024;0,8;P
12/06/2024;0,0;P
13/06/2024;0,0;P
14/06/2024;0,0;P
15/06/2024;0,0;P
16/06/2024;0,0;P
17/06/2024;0,0;P
18/06/2024;0,0;P
19/06/2024;0,0;P
20/06/2024;0,0;P
21/06/2024;0,0;P
22/06/2024;0,0;P
23/06/2024;2,6;P
24/06/2024;18,0;P
25/06/2024;14,8;P
26/06/2024;6,2;P
27/06/2024;0,0;P
28/06/2024;0,0;P
29/06/2024;0,0;P
30/06/2024;0,0;P
01/07/2024;0,0;P
02/07/2024;0,0;P
03/07/2024;0,0;P
04/07/2024;0,0;P
05/07/2024;0,0;P
06/07/2024;0,0;P
07/07/2024;0,0;P
08/07/2024;0,0;P
09/07/2024;0,0;P
10/07/2024;0,0;P
11/07/2024;0,0;P
12/07/2024;0,0;P
13/07/2024;0,0;P
14/07/2024;0,0;P
15/07/2024;0,0;P
16/07/2024;0,0;P
17/07/2024;0,0;P
18/07/2024;0,0;P
19/07/2024;0,0;P
20/07/2024;0,0;P
21/07/2024;0,0;P
22/07/2024;0,0;P
23/07/2024;0,0;P
24/07/2024;0,0;P
25/07/2024;0,0;P
26/07/2024;0,0;P
27/07/2024;0,0;P
28/07/2024;0,0;P
29/07/2024;0,0;P
30/07/2024;0,0;P
31/07/2024;0,0;P
01/08/2024;0,0;P
02/08/2024;0,0;P
03/08/2024;0,0;P
04/08/2024;1,6;P
05/08/2024;0,0;P
06/08/2024;0,0;P
07/08/2024;0,0;P
08/08/2024;0,0;P
09/08/2024;0,0;P
10/08/2024;0,0;P
11/08/2024;0,0;P
12/08/2024;0,0;P
13/08/2024;0,0;P
14/08/2024;0,0;P
15/08/2024;0,0;P
16/08/2024;0,0;P
17/08/2024;0,0;P
18/08/2024;4,8;P
19/08/2024;3,0;P
20/08/2024;0,8;P
21/08/2024;0,0;P
22/08/2024;0,0;P
23/08/2024;0,0;P
24/08/2024;0,0;P
25/08/2024;0,0;P
26/08/2024;0,0;P
27/08/2024;0,0;P
28/08/2024;0,2;P
29/08/2024;4,4;P
30/08/2024;0,0;P
31/08/2024;0,0;P
01/09/2024;0,0;P
02/09/2024;0,0;P
03/09/2024;0,2;P
04/09/2024;0,0;P
05/09/2024;2,0;P
06/09/2024;1,8;P
07/09/2024;0,0;P
08/09/2024;0,0;P
09/09/2024;66,0;P
10/09/2024;0,2;P
11/09/2024;0,0;P
12/09/2024;4,0;P
13/09/2024;7,2;P
14/09/2024;0,0;P
15/09/2024;0,0;P
16/09/2024;0,0;P
17/09/2024;0,0;P
18/09/2024;13,6;P
19/09/2024;6,2;P
20/09/2024;0,0;P
21/09/2024;0,0;P
22/09/2024;0,0;P
23/09/2024;1,2;P
24/09/2024;4,0;P
25/09/2024;6,4;P
26/09/2024;0,0;P
27/09/2024;0,0;P
28/09/2024;0,0;P
29/09/2024;0,0;P
30/09/2024;0,0;P
01/10/2024;11,6;P
02/10/2024;2,8;P
03/10/2024;11,8;P
04/10/2024;15,0;P
05/10/2024;2,6;P
06/10/2024;0,2;P
07/10/2024;0,0;P
08/10/2024;5,0;P
09/10/2024;46,2;P
10/10/2024;3,0;P
11/10/2024;1,4;P
12/10/2024;0,2;P
13/10/2024;0,4;P
14/10/2024;0,0;P
15/10/2024;0,0;P
16/10/2024;0,0;P
17/10/2024;3,2;P
18/10/2024;49,6;P
19/10/2024;3,0;P
20/10/2024;4,6;P
21/10/2024;0,0;P
22/10/2024;0,0;P
23/10/2024;3,6;P
24/10/2024;31,0;P
25/10/2024;19,2;P
26/10/2024;30,0;P
27/10/2024;0,0;P
28/10/2024;0,0;P
29/10/2024;0,2;P
30/10/2024;0,2;P
31/10/2024;0,2;P
01/11/2024;0,2;P
02/11/2024;0,0;P
03/11/2024;0,2;P
04/11/2024;0,2;P
05/11/2024;0,2;P
06/11/2024;0,2;P
07/11/2024;0,0;P
08/11/2024;0,2;P
09/11/2024;0,0;P
10/11/2024;0,0;P
11/11/2024;0,2;P
12/11/2024;0,0;P
13/11/2024;0,0;P
14/11/2024;0,0;P
15/11/2024;0,2;P
16/11/2024;0,2;P
17/11/2024;1,8;P
18/11/2024;6,0;P
19/11/2024;1,2;P
20/11/2024;15,4;P
21/11/2024;4,4;P
22/11/2024;50,2;P
23/11/2024;0,0;P
24/11/2024;0,0;P
25/11/2024;0,0;P
26/11/2024;0,0;P
27/11/2024;5,0;P
28/11/2024;0,0;P
29/11/2024;0,4;P
30/11/2024;0,0;P
01/12/2024;0,0;P
02/12/2024;0,0;P
03/12/2024;0,4;P
04/12/2024;6,0;P
05/12/2024;0,0;P
06/12/2024;0,0;P
07/12/2024;1,8;P
08/12/2024;17,4;P
09/12/2024;0,4;P
10/12/2024;0,6;P
11/12/2024;0,4;P
12/12/2024;0,2;P
13/12/2024;0,2;P
14/12/2024;1,2;P
15/12/2024;0,2;P
16/12/2024;0,0;P
17/12/2024;0,2;P
18/12/2024;0,2;P
19/12/2024;3,4;P
20/12/2024;7,0;P
21/12/2024;0,0;P
22/12/2024;0,2;P
23/12/2024;3,6;P
24/12/2024;0,2;P
25/12/2024;0,0;P
26/12/2024;0,0;P
27/12/2024;0,0;P
28/12/2024;0,0;P
29/12/2024;0,2;P
30/12/2024;0,2;P
31/12/2024;0,0;P
01/01/2025;0,2;P
02/01/2025;0,8;P
03/01/2025;10,8;P
04/01/2025;1,0;P
05/01/2025;5,0;P
06/01/2025;3,8;P
07/01/2025;10,4;P
08/01/2025;15,0;P
09/01/2025;2,0;P
10/01/2025;8,2;P
11/01/2025;2,2;P
12/01/2025;0,0;P
13/01/2025;0,0;P
14/01/2025;0,0;P
15/01/2025;0,0;P
16/01/2025;0,0;P
17/01/2025;0,0;P
18/01/2025;0,0;P
19/01/2025;0,8;P
20/01/2025;3,2;P
21/01/2025;5,6;P
22/01/2025;0,2;P
23/01/2025;25,4;P
24/01/2025;4,6;P
25/01/2025;0,0;P
26/01/2025;7,8;P
27/01/2025;2,0;P
28/01/2025;16,2;P
29/01/2025;21,0;P
30/01/2025;6,8;P
31/01/2025;3,0;P
01/02/2025;84,6;P
02/02/2025;0,2;P
03/02/2025;0,0;P
04/02/2025;0,2;P
05/02/2025;0,0;P
06/02/2025;0,0;P
07/02/2025;0,0;P
08/02/2025;0,4;P
09/02/2025;22,0;P
10/02/2025;0,4;P
11/02/2025;1,2;P
12/02/2025;11,6;P
13/02/2025;10,4;P
14/02/2025;68,0;P
15/02/2025;22,4;P
16/02/2025;0,2;P
17/02/2025;0,0;P
18/02/2025;0,0;P
19/02/2025;0,0;P
20/02/2025;0,4;P
21/02/2025;0,0;P
22/02/2025;1,2;P
23/02/2025;6,8;P
24/02/2025;9,2;P
25/02/2025;20,6;P
26/02/2025;18,4;P
27/02/2025;0,2;P
28/02/2025;0,0;P
01/03/2025;3,0;P
02/03/2025;0,0;P
03/03/2025;0,0;P
04/03/2025;0,0;P
05/03/2025;0,0;P
06/03/2025;0,0;P
07/03/2025;0,0;P
08/03/2025;0,0;P
09/03/2025;0,0;P
10/03/2025;26,0;P
11/03/2025;2,0;P
12/03/2025;28,2;P
13/03/2025;26,4;P
14/03/2025;33,8;P
15/03/2025;47,6;P
16/03/2025;12,4;P
17/03/2025;0,0;P
18/03/2025;0,0;P
19/03/2025;0,0;P
20/03/2025;0,0;P
21/03/2025;0,2;P
22/03/2025;14,4;P
23/03/2025;14,4;P
24/03/2025;0,2;P
25/03/2025;0,0;P
26/03/2025;0,0;P
27/03/2025;0,0;P
28/03/2025;0,0;P
29/03/2025;1,6;P
30/03/2025;0,0;P
31/03/2025;0,0;P
01/04/2025;0,8;P
